id,Domain,Status,Attractiveness,Demand,Length,Registrar,Created,Expires
5ab774b7-daa7-4de2-9df4-ff5d86f45eda,theory.academy,available,82,20,6,,,
bddc8020-6b1e-46b6-a750-d65a1b1c3557,theory.accountant,premium,82,20,6,,,
ef4aa89c-4015-4590-9007-acfa2bd9efae,theory.accountants,available,82,20,6,,,
fef78ae4-3004-49a5-a204-2f4943850a70,theory.actor,available,82,20,6,,,
766f1fb0-61ac-443d-b864-3f03e68557fd,theory.adult,premium,82,20,6,,,
c4473cbf-5ffd-4cba-92bf-1b57e113a690,theory.ag,available,82,20,6,,,
2498a90d-625b-400e-883e-10131790ef05,theory.airforce,available,82,20,6,,,
7eabb112-fe8a-4bde-9108-627aa86cb3f2,theory.apartments,available,82,20,6,,,
8fb0552c-b616-4c46-87fe-c5f4a9dbddb5,theory.app,resell,82,20,6,Porkbun LLC,09/02/2025 11:06,09/02/2026 11:06
2e915a7e-34ed-4b61-98d7-c98ce039e66c,theory.archi,available,82,20,6,,,
3c0813f6-7b99-439e-9c6a-d66b9d0aafff,theory.army,available,82,20,6,,,
4c8645f3-d337-4699-88be-fbae7885d4ea,theory.art,premium,82,20,6,,,
a5e95d69-53c0-4497-abdc-5c28e2ec9771,theory.at,premium,82,20,6,,,
0e2e4921-8292-4dbe-9ce9-3154194478a6,theory.attorney,available,82,20,6,,,
5a510f23-f5ee-4ad1-9422-e6668b07c107,theory.audio,available,82,20,6,,,
f99cf42b-1dbe-4ee7-90cd-845567c40d79,theory.auto,available,82,20,6,,,
40bd22d6-0713-47c2-b8a1-4c24a9d711d1,theory.autos,available,82,20,6,,,
d6e0074b-a8a9-48a1-accd-32a33677d136,theory.bar,premium,82,20,6,,,
0da2cc7b-999e-4569-a68f-808a4d6b19e1,theory.bargains,available,82,20,6,,,
4a5ebe2e-ce7f-4af2-895e-598f10e64562,theory.bayern,available,82,20,6,,,
98bfe53b-b913-4ee0-bf68-e21fe5d753c8,theory.beauty,resell,82,20,6,"Spaceship, Inc.",17/01/2025 07:12,17/01/2026 23:59
f70a83b4-ffcd-4ea3-89bd-b326f0087898,theory.beer,available,82,20,6,,,
be4d0a82-7e53-4b50-b5af-14db2a168368,theory.berlin,available,82,20,6,,,
d7508270-7d2a-43c4-b82b-27921b7a2820,theory.best,available,82,20,6,,,
fe1e42fc-1ecd-410a-87ae-eb44641ab8a2,theory.bid,premium,82,20,6,,,
10df2bbe-2087-4ba4-8ad9-d97ef70b5e8e,theory.bike,available,82,20,6,,,
95e0b068-37e0-4840-8f98-82c5081c8489,theory.bingo,available,82,20,6,,,
67e5dfdb-c7b3-4671-90d8-58115651bf4e,theory.black,available,82,20,6,,,
ac85f4f6-fe34-4396-8c9b-733b033150e8,theory.blackfriday,available,82,20,6,,,
bfa828a3-ada0-46f7-9397-94ecb04fe155,theory.blog,premium,82,20,6,,,
eeb74216-40e4-41e1-92d2-2fad0bebd76f,theory.boats,available,82,20,6,,,
2712f8aa-5b65-4903-a158-58e6d24d4f79,theory.boo,premium,82,20,6,,,
7db16e53-779f-41b1-9e3e-dc6de80ea0cd,theory.boston,available,82,20,6,,,
0b0531bc-da51-4be7-b2d1-8fed8255521f,theory.boutique,available,82,20,6,,,
452e4c46-1c55-4c51-88ad-2b26516fa502,theory.builders,available,82,20,6,,,
402727a4-dfdc-4dd2-ba2e-542fb299aabb,theory.bz,available,82,20,6,,,
3834709f-f8bf-499c-a31a-b8106ea5c31a,theory.ca,resell,82,20,6,WHC Online Solutions Inc.,16/02/2022 19:00,16/02/2026 19:00
ff030275-7c88-4c3c-850f-2d3e76c4a8c7,theory.cab,available,82,20,6,,,
f500f241-10e4-4f00-9cca-ec972162c5d2,theory.cam,premium,82,20,6,,,
d9184f47-1d3c-429b-8ad1-a8c884f01989,theory.camera,available,82,20,6,,,
4334c578-cd6b-4422-b636-49e256ae5773,theory.camp,available,82,20,6,,,
b257c654-c2bc-4dc6-bd92-b9cfedc73bdf,theory.capital,premium,82,20,6,,,
e2484484-663f-4102-9029-b53749e798ac,theory.car,available,82,20,6,,,
b93b15ea-271c-4e91-a4f8-988ad7ff72da,theory.cards,available,82,20,6,,,
5119049b-838c-4977-a436-0d493e279127,theory.careers,available,82,20,6,,,
8bec4908-6a80-4aa1-b905-9af6da65a9d0,theory.cars,available,82,20,6,,,
d102c4e5-c47a-4913-ab45-8bf81b6f0b63,theory.casa,premium,82,20,6,,,
1c74c3c6-2f1e-42b4-829f-12468a1e82e4,theory.cash,available,82,20,6,,,
bfbec1ee-52e1-4e2a-829d-df7f9c3897b1,theory.casino,available,82,20,6,,,
f6214a43-d4e2-4ac6-be11-3d45f829e142,theory.catering,available,82,20,6,,,
39a78782-3eaa-405b-b1b0-2a8698506172,theory.ceo,available,82,20,6,,,
d59e8a62-c1ad-4cc9-8ff7-5095930545f9,theory.cfd,premium,82,20,6,,,
24d563c6-3281-4df4-af38-e806a2afa501,theory.charity,available,82,20,6,,,
c22a42de-d886-49f6-af5e-e4f6d51bc693,theory.cheap,available,82,20,6,,,
ec1c99aa-3dfc-4ea9-b7f9-c7fb54361422,theory.christmas,available,82,20,6,,,
c2e2fd28-4bb9-4c11-bb0c-5ff18e58cb2f,theory.church,available,82,20,6,,,
69e5f8b3-b845-4b73-89e7-c87dfcb808ae,theory.city,available,82,20,6,,,
0df5b5a2-9cbd-4d8d-9fcb-fd7cfd944f41,theory.claims,available,82,20,6,,,
ae66460f-5528-4be3-bf03-aefa7b2b644e,theory.cleaning,available,82,20,6,,,
e2c5b4c2-bd4f-4227-94f3-5dc11206337b,theory.click,premium,82,20,6,,,
e514764c-26fb-4808-9ef5-123e98541f03,theory.clinic,available,82,20,6,,,
cbed8cbf-cdb3-40d0-83a6-6e8144ca32e3,theory.cloud,premium,82,20,6,,,
c570fc4d-148c-4c05-8274-e8f153945df1,theory.club,premium,82,20,6,,,
901a660b-da4f-4bfc-b841-e4860ec9d369,theory.co,sold,82,20,6,"GoDaddy.com, LLC",20/07/2010 18:10,19/07/2026 23:59
7fdd9180-3ffb-4442-855f-f6a9e7532f1c,theory.coach,available,82,20,6,,,
322022b6-eb58-48f4-af67-3ee495513aa0,theory.codes,available,82,20,6,,,
33b0463b-9b8c-4f3f-8863-f97c9f766d11,theory.college,available,82,20,6,,,
1a3ee9b4-1ae6-4b36-9d5a-17fc2835e5f1,theory.community,available,82,20,6,,,
59dc3971-d181-4b46-95aa-42bb8fcb981f,theory.company,available,82,20,6,,,
c59c6c85-736e-4758-bd44-b7372fa0c543,theory.computer,available,82,20,6,,,
38264cda-bf66-41b9-ab42-6af1eb734cb7,theory.condos,available,82,20,6,,,
e3518147-ad98-4e64-88f0-6bd20e2da457,theory.contact,available,82,20,6,,,
69a194fa-f6f9-438c-b080-e406d213aa24,theory.contractors,available,82,20,6,,,
889b9bf7-0177-49c6-897e-213e5e6b721f,theory.cooking,available,82,20,6,,,
518f3dc1-cce5-4fb9-8b1c-17b6a7be0984,theory.cool,available,82,20,6,,,
a761c6cc-ba8a-4e78-916b-148c9ed37941,theory.country,available,82,20,6,,,
4e5a47aa-d8cf-46f5-8e95-0fa91dfd559d,theory.coupons,available,82,20,6,,,
14af383d-df0a-4d0a-8f8a-f78d9bd7d861,theory.courses,premium,82,20,6,,,
fd251577-af14-474c-9cd5-9737651fa9b2,theory.credit,available,82,20,6,,,
fd910a3d-daa8-41bd-add1-aa9f763fca36,theory.creditcard,available,82,20,6,,,
c06f573f-ab6d-43ac-bfc4-3a4233a6caae,theory.cricket,premium,82,20,6,,,
af21c068-ebeb-418f-8b00-65dd0afa37cb,theory.cruises,available,82,20,6,,,
fbcf6aea-d8cf-4876-adad-0c19e2736102,theory.cv,expired,82,20,6,Dynadot,23/11/2024 00:00,23/11/2025 15:05
9b908284-75a6-45bc-ae27-d06c8913aa06,theory.cx,available,82,20,6,,,
e1c8f895-e640-40bb-8373-57ae71dc7426,theory.cyou,premium,82,20,6,,,
696cc26a-5594-4f2c-831d-c3bad2a1b57a,theory.dad,premium,82,20,6,,,
5f327121-9302-40db-b7dc-30ce637678c0,theory.dance,available,82,20,6,,,
e871dcc1-c869-46a6-b6ce-3f4351ea0a81,theory.date,premium,82,20,6,,,
7fb9b6c5-bf73-43db-9823-56262f407c01,theory.dating,available,82,20,6,,,
cfc0a675-2ee1-4146-b7c7-6eaf6b9d8236,theory.day,premium,82,20,6,,,
39dab336-a912-40bf-90a6-53e1649b6181,theory.de,resell,82,20,6,,,
85352a9f-c255-42fe-b70b-027c01641251,theory.deal,premium,82,20,6,,,
0bb73e38-17dd-4ea5-89bd-dbad2f68a53f,theory.dealer,premium,82,20,6,,,
5ada36a1-2de3-4cff-ae19-30bfce432b0a,theory.deals,available,82,20,6,,,
2f410302-8134-4d5d-8eeb-018e1ef5a925,theory.degree,available,82,20,6,,,
7571b4cf-b00f-434d-8fbf-e3c2acfa5f56,theory.delivery,available,82,20,6,,,
ee27059b-2964-4301-823a-ccfc1abe8761,theory.democrat,available,82,20,6,,,
ba6d9c72-c7ee-4444-87e5-9201d21402f8,theory.dental,available,82,20,6,,,
e3a051d4-fde1-4060-bdf9-faea533608a5,theory.dentist,available,82,20,6,,,
7d45fc29-6333-4a47-b773-0487effdef1a,theory.design,resell,82,20,6,Go Canada Domains Inc,12/05/2015 14:00,12/05/2026 23:59
5f8b43a0-081d-49ca-a876-5e005093b4a1,theory.diamonds,available,82,20,6,,,
26b69c51-9d4a-4cf5-abc5-d136b239f0e0,theory.diet,available,82,20,6,,,
d1fc7f05-5fd1-4b97-8345-12812b3b5b13,theory.digital,resell,82,20,6,"Sav.com, LLC - 4",21/07/2025 15:15,21/07/2026 15:15
ae6011d7-6b39-41ea-bcce-d4be1e3a45be,theory.direct,expired,82,20,6,"NameCheap, Inc.",10/10/2024 11:00,10/10/2025 11:00
89a2d90d-9ff0-480f-a32c-0e8d2f72550c,theory.directory,available,82,20,6,,,
63d2f765-f3f1-4d40-98c9-056e60101e46,theory.discount,available,82,20,6,,,
c7aff15a-2d68-44b0-bb30-f1191cbc3a01,theory.diy,premium,82,20,6,,,
3960057d-2ee2-4a73-aa93-1746a9b4adad,theory.doctor,available,82,20,6,,,
0bde1dea-2b88-4bf0-911d-86205512fd98,theory.dog,available,82,20,6,,,
acb931af-9a8f-46e4-8547-00fe658f4a43,theory.domains,available,82,20,6,,,
49a69b8d-998b-42a1-96d9-31d8ebc501d1,theory.download,premium,82,20,6,,,
a56396c4-40dd-485a-80b9-3423b6c07f8b,theory.education,sold,82,20,6,"Cloudflare, Inc",11/12/2025 23:39,11/12/2026 23:39
ee7e36b6-f643-4a6d-ac33-54966d5f2281,theory.energy,available,82,20,6,,,
4008806d-6678-4424-822d-5f4374d1a75c,theory.engineer,available,82,20,6,,,
c3dd6b40-8220-4111-9639-e35397ca8ec7,theory.enterprises,available,82,20,6,,,
d6ff5873-13ff-4cc3-a989-d94a475aa30d,theory.equipment,available,82,20,6,,,
ee1fff0d-410e-4081-adad-9a1b511e28f4,theory.esq,premium,82,20,6,,,
473b3133-0b68-40ec-b3f0-ca147db8cae3,theory.estate,available,82,20,6,,,
56230e80-e3ae-4bb1-9916-6aab6b02f6c0,theory.events,available,82,20,6,,,
ff7425bc-e43c-4188-af4d-da80c509cef3,theory.expert,available,82,20,6,,,
7314fb01-9982-45d3-908a-d46b4e68a0dd,theory.exposed,available,82,20,6,,,
a033fa2e-d034-4083-8f28-3bd25250fb39,theory.express,available,82,20,6,,,
8a38adec-ffb5-4b9f-a3f7-7aada7736e3d,theory.fail,available,82,20,6,,,
e084bc0f-19d4-4223-9ba6-e4fdc1029a2b,theory.faith,premium,82,20,6,,,
da7fea0d-7e4b-4418-9a28-d684ef61acad,theory.family,premium,82,20,6,,,
4a8ff436-f6bd-40e7-a19f-8ebd24c62741,theory.fan,available,82,20,6,,,
54efd639-69c1-408c-a79c-072c5076a07c,theory.fans,premium,82,20,6,,,
db6c5fce-2fb4-4ad8-9475-e4093351f1a4,theory.farm,available,82,20,6,,,
8b79f9f8-161f-41fd-aaf4-820d7df6866b,theory.fast,premium,82,20,6,,,
1a904c83-3244-4aca-aa6f-218dd6309da8,theory.feedback,available,82,20,6,,,
a302e27a-7862-401d-a4f1-d0e0bba964db,theory.film,premium,82,20,6,,,
8d65dd2f-96dc-497f-bc65-95668620bbc3,theory.finance,premium,82,20,6,,,
1d17ef05-396e-44e6-bd7f-ac60cee32a5c,theory.financial,available,82,20,6,,,
ffc12819-cb81-4bc2-8c61-0da55b7f13b2,theory.fish,available,82,20,6,,,
722ba87c-f1da-470e-b767-00c5af9e6799,theory.fishing,available,82,20,6,,,
2ecc6f2d-d0ee-4b3b-b99d-8fd9be316664,theory.fit,available,82,20,6,,,
6a9a7b5c-9c7d-41e6-ae81-0be92c5cd3b7,theory.flights,available,82,20,6,,,
12e2669f-9017-46b0-ac8d-6b46e67196ca,theory.florist,available,82,20,6,,,
be4453e7-96b8-4ac2-99ce-d52645aa053b,theory.flowers,available,82,20,6,,,
d057e233-a9d7-4ca6-9343-1e9997e6cb4c,theory.fm,available,82,20,6,,,
93af509a-bb39-437e-9757-8898f09947fe,theory.foo,premium,82,20,6,,,
398e942f-0f01-4be2-9a8e-bfae178cdae5,theory.food,premium,82,20,6,,,
9016670b-93be-4c96-9af0-fb088e138e26,theory.football,available,82,20,6,,,
eefaefd1-8a2d-49d3-9274-0c0de45ae938,theory.forsale,available,82,20,6,,,
ba08c1b2-4a49-44fb-8eb9-5465f629e646,theory.forum,premium,82,20,6,,,
119b0094-f2b3-4bc6-bf6f-7242760a6a76,theory.foundation,premium,82,20,6,,,
e4b43646-6e5f-471b-aa41-7bd2aaf1822c,theory.free,premium,82,20,6,,,
5e17314c-d548-4b07-9521-b0df04db4203,theory.fun,premium,82,20,6,,,
eb7c8d4c-ff07-4306-af58-84425189f770,theory.fund,available,82,20,6,,,
5103b804-3070-4050-bfd6-6e57ee81a329,theory.furniture,available,82,20,6,,,
35afdf78-42a4-4b79-8cf0-e9befe9d0a97,theory.futbol,available,82,20,6,,,
300fdc7b-9256-4165-9b7f-71d9ca120c79,theory.gallery,available,82,20,6,,,
7d86f686-aef1-45d4-9aca-3d422f3a854b,theory.game,premium,82,20,6,,,
a58cd7bc-a74f-4384-8847-5a2235483bdd,theory.garden,premium,82,20,6,,,
58aa0160-7c88-4137-b78c-170050f8dce4,theory.gay,available,82,20,6,,,
96490b94-e32e-44c3-985d-07e3d0e25c7a,theory.gifts,available,82,20,6,,,
b84b9c23-2232-4d64-a92c-acc713be904a,theory.gives,available,82,20,6,,,
d9a12f4a-70c3-40b6-823f-e15b60f816b1,theory.giving,available,82,20,6,,,
2cb977c9-5770-4728-9ce6-593d859dbb29,theory.glass,available,82,20,6,,,
30ded097-4299-4074-a064-e0cf3203d080,theory.global,resell,82,20,6,"Sav.com, LLC",02/12/2024 01:33,02/12/2026 01:33
b0bb6f25-7c9c-4818-8406-b995e5667411,theory.gmbh,available,82,20,6,,,
94c184a3-37da-4af1-9aa9-b82b1a0c9e5a,theory.gold,available,82,20,6,,,
22a267ca-a35e-42ad-a5b3-9ff2a0795ec8,theory.golf,available,82,20,6,,,
8cc1ed48-6b5b-49cd-8eeb-79bf6037389b,theory.graphics,available,82,20,6,,,
859fcad2-6e00-4a50-a2f9-245134281cee,theory.gratis,available,82,20,6,,,
3d6e9c15-82de-469d-bb1e-55f2ec84c340,theory.green,available,82,20,6,,,
4cd6f73d-cdff-426e-841d-02827f58f6fe,theory.gripe,available,82,20,6,,,
6fa6f42a-d4e7-4572-9d25-98006940a9ae,theory.guitars,available,82,20,6,,,
0ea9dc9b-6210-437f-a2ca-36f2bb0079cd,theory.guru,sold,82,20,6,"Sav.com, LLC - 36",31/07/2025 15:15,31/07/2026 15:15
366e08ef-fc9c-4a0f-9c5b-da4e12bba9a2,theory.hair,available,82,20,6,,,
c6e1e0d7-5c67-45c3-9ac2-31e6d9d9ea3e,theory.health,available,82,20,6,,,
b7b4ab82-caf4-43ff-9463-1dd3202aa2ec,theory.healthcare,available,82,20,6,,,
0dae3ca5-cb42-4962-ad5f-a7a5a8cdd677,theory.hiphop,premium,82,20,6,,,
588d1440-6047-4e82-b57c-6df3d924587a,theory.hiv,available,82,20,6,,,
bebf7091-8d21-4c33-a8e0-abd2589ff670,theory.hockey,available,82,20,6,,,
f904da12-c28a-4262-aa84-f0ea856086ed,theory.holdings,available,82,20,6,,,
a58d6751-6007-46d2-9f2b-abe51be01548,theory.holiday,available,82,20,6,,,
06705443-1071-4b8d-b006-5466d76dbe58,theory.horse,available,82,20,6,,,
31d33dd1-8a42-4c66-a53c-7e41c594a17e,theory.hospital,available,82,20,6,,,
9091c5cd-b3ca-4a95-b92f-4c3ac07d84a7,theory.hosting,available,82,20,6,,,
91215f90-75fa-4854-ab28-feddc8c7abe8,theory.hot,premium,82,20,6,,,
8641debd-3985-499f-9c53-f22d2b98ea44,theory.house,available,82,20,6,,,
1ad7d60c-42af-4fe4-8aae-c66d898680b6,theory.how,available,82,20,6,,,
16d007a0-f544-4ca3-b744-488e5840c23a,theory.im,premium,82,20,6,,,
ce916803-b5b0-4776-a039-937118abc67a,theory.immo,available,82,20,6,,,
485816ee-a132-4ea9-b3d7-69c4d7f0145a,theory.immobilien,available,82,20,6,,,
a9fc2ea1-ae7a-4b62-9490-593b98970639,theory.inc,premium,82,20,6,,,
380ea6fa-80d1-4ec3-bf17-f2bf7427efc7,theory.ing,premium,82,20,6,,,
94ef027a-402a-40f5-8424-3b4b8056c0ff,theory.institute,available,82,20,6,,,
43ce8c88-ef57-4493-a560-d5c4a7a76b33,theory.insure,available,82,20,6,,,
66aed950-ba1c-4d43-b897-335b3fcd1dda,theory.international,available,82,20,6,,,
fc2e10b6-498a-45ca-9536-d237223008eb,theory.investments,available,82,20,6,,,
e01d045d-5127-4bc8-8987-54a0f22b22dd,theory.io,resell,82,20,6,Dynadot Inc,20/06/2011 16:59,20/06/2026 16:59
6fe3cc8c-ca19-4fc8-b658-88ad94f2f937,theory.irish,available,82,20,6,,,
4794f8d1-3655-42d2-b3f9-bdf906c80c5a,theory.jetzt,available,82,20,6,,,
c991ca9a-464a-487b-839a-6bb06db9e192,theory.jewelry,available,82,20,6,,,
ce3df3a8-3395-4260-ac32-6b19592a93c7,theory.juegos,available,82,20,6,,,
166bf0f3-695b-49fe-8c01-368eee5c235b,theory.kaufen,available,82,20,6,,,
eb3b78c7-f089-4796-813d-1ed5431cd2da,theory.kids,premium,82,20,6,,,
33ef059a-b382-4de5-b777-675311305524,theory.kim,available,82,20,6,,,
6ef3bfb2-9d67-415c-92a2-6d8b015df202,theory.kitchen,available,82,20,6,,,
481bf1c3-bfb3-450e-b62a-f08dd856e447,theory.la,resell,82,20,6,VIPDomains.LA  Founders Program,24/06/2022 23:15,24/06/2026 23:59
c4a1d5be-1cca-4295-8c8a-d33613b3fbe9,theory.law,available,82,20,6,,,
d4158f10-de4e-41c1-bc84-3dcee027e933,theory.lawyer,available,82,20,6,,,
9665a456-d2cb-4573-83dd-817c99649385,theory.lease,available,82,20,6,,,
24583601-dd20-4c72-8211-03f910c94675,theory.legal,available,82,20,6,,,
92bd9afc-7f0d-4c78-8a33-d5a51a3d3302,theory.lgbt,available,82,20,6,,,
c8fbafe2-d4b1-4550-831f-2b30561542ed,theory.lifestyle,premium,82,20,6,,,
1488040f-a4c7-4056-a73b-d6971d4597f0,theory.lighting,available,82,20,6,,,
27eb703b-e3bf-417e-9751-71f3f7634504,theory.limited,available,82,20,6,,,
83de1fac-9b17-47ee-b577-cdb57748271a,theory.limo,available,82,20,6,,,
f88bbb21-2873-41e0-91c0-470ce0f50840,theory.link,premium,82,20,6,,,
80b08f15-5c79-4dff-85b4-b520abd9a605,theory.living,premium,82,20,6,,,
f8bca7e6-a91f-465c-8722-153984964434,theory.loan,premium,82,20,6,,,
620cacc9-a46c-4d61-8ed2-66a3e7a9a416,theory.loans,available,82,20,6,,,
f5a8aec1-2af3-4ab9-af36-1b1a736f3e69,theory.locker,available,82,20,6,,,
fee0695f-8d5c-42c9-8cb6-b4f47c0f1437,theory.london,premium,82,20,6,,,
cd3195d4-8103-4ab9-9343-8aa97724089e,theory.love,premium,82,20,6,,,
ebe1fb28-0a81-4d2e-90cf-34ee7e158247,theory.ltda,available,82,20,6,,,
f31ce262-0d68-41a3-9f37-ee5e206f8e76,theory.luxe,available,82,20,6,,,
bcfcba82-4fbb-47c7-95f3-933eb6399a36,theory.luxury,available,82,20,6,,,
3a949525-7faf-4894-8948-555eefc71535,theory.maison,available,82,20,6,,,
b81df103-9389-46d7-82dc-b0129e3f496b,theory.makeup,available,82,20,6,,,
445e23bd-3206-4ba1-9818-278f3b401cb0,theory.management,available,82,20,6,,,
ef89149a-840c-4e53-8bed-9da59beb8001,theory.market,premium,82,20,6,,,
a2e38420-3569-42d8-b393-ed43d8d86065,theory.marketing,available,82,20,6,,,
a760599f-7ccf-4b4f-aa6a-d578c66534f7,theory.mba,available,82,20,6,,,
0701e9d4-1b2f-49f9-b447-95c7188e0eb3,theory.me,resell,82,20,6,Dynadot Inc,09/07/2008 17:09,09/07/2027 17:09
5fd83b4b-d3cc-44fa-b58a-4efda11e8c29,theory.media,resell,82,20,6,"Xiamen ChinaSource Internet Service Co., Ltd",25/03/2025 15:15,25/03/2026 15:15
2d4c706f-2fc7-4a03-b723-d97e47133a3a,theory.melbourne,available,82,20,6,,,
11c87d9b-0060-4106-9006-fb3ee920be32,theory.meme,premium,82,20,6,,,
af729101-f717-4777-b7b0-97c15d81b6e7,theory.memorial,available,82,20,6,,,
c98428fa-16cd-4067-81c5-e0753f2d277c,theory.men,premium,82,20,6,,,
02e9a261-865d-4b61-bee9-dd48a327720e,theory.menu,available,82,20,6,,,
76bac54b-6a11-4217-adfb-816a34fe1204,theory.miami,premium,82,20,6,,,
632a0c8d-09ff-4e0e-a23d-58c7c01d9ac4,theory.mobi,premium,82,20,6,,,
8a1f9656-5034-4284-91d6-1eca52d0bff3,theory.moda,available,82,20,6,,,
6c434d91-6668-44ae-a419-e8fe56c89a8c,theory.money,sold,82,20,6,"Spaceship, Inc.",16/12/2025 06:56,16/12/2026 06:56
cf9497b3-1f95-42d2-a7e0-8891d7b3255b,theory.mortgage,available,82,20,6,,,
6ad4a753-cc97-434d-83cd-987686c29f21,theory.motorcycles,available,82,20,6,,,
49cc32b7-6663-429e-b0b6-22b8e54db4b3,theory.mov,premium,82,20,6,,,
04d3aa1d-92e5-4a29-89f1-8c193791fdaa,theory.movie,available,82,20,6,,,
c8bec631-5cdf-4a3e-be46-ac708ab0327f,theory.music,premium,82,20,6,,,
5f8d3bd0-d7ed-4134-900d-4fb11c1aaf41,theory.my,premium,82,20,6,,,
7a32164f-6bbd-4160-9e3b-827d6501c560,theory.name,available,82,20,6,,,
06713a6f-c9a6-48de-98f0-34f9e003674f,theory.navy,available,82,20,6,,,
8cd8bf4f-3ce1-4888-b364-35d030518df9,theory.net,resell,82,20,6,1API GmbH,19/04/1998 04:00,18/04/2026 04:00
22cbd51d-5368-4d07-b9ff-68261e880bed,theory.network,resell,82,20,6,"Spaceship, Inc.",31/10/2022 13:15,31/10/2026 13:15
1b179543-0934-4ba7-b272-88b89311d918,theory.news,resell,82,20,6,"Sav.com, LLC - 13",16/06/2025 15:15,16/06/2026 15:15
204ee2dc-0464-4bf1-8246-d2c458b2dcab,theory.nexus,premium,82,20,6,,,
47e6a784-a271-472b-9805-dfa65491d9a1,theory.ngo,available,82,20,6,,,
f153a3e1-86b6-46de-b312-743c7a855dd2,theory.now,resell,82,20,6,Dynadot Inc,08/02/2025 22:38,08/02/2027 22:38
28a618e6-fd98-49d8-a406-c2847f361c5d,theory.observer,premium,82,20,6,,,
3ad22f7a-e4a7-4dfb-b53d-28170537a847,theory.ong,available,82,20,6,,,
526bd4b3-28e9-43b6-af6e-b0d134f49649,theory.onl,resell,82,20,6,Dynadot Inc,19/04/2025 19:53,19/04/2026 19:53
c7238e47-feae-47d6-92eb-de6b5c894855,theory.online,premium,82,20,6,,,
2892d49d-6460-4cf5-bd76-27e6d2733157,theory.organic,available,82,20,6,,,
d41d89a6-8543-4e56-802d-fb57785c2000,theory.osaka,available,82,20,6,,,
0c0c351c-b12c-4361-a972-14084b8842d6,theory.page,premium,82,20,6,,,
ca5c9e96-6c95-4ccb-acb9-e7e9c326292b,theory.partners,available,82,20,6,,,
447ca2ec-245f-4b22-a6ed-1446463bc4a5,theory.parts,available,82,20,6,,,
a12427bd-14b1-4628-966e-a5286fdc61a1,theory.party,premium,82,20,6,,,
478c276e-d88e-4783-b25e-f4c3e18e27cb,theory.pet,available,82,20,6,,,
a6443784-85f1-4a73-a6a0-ac77c8afc92e,theory.phd,premium,82,20,6,,,
65b501c5-755a-4cf0-91d3-bae719d9df15,theory.photo,available,82,20,6,,,
019d5aba-3fa3-48b0-8351-515e6c465c92,theory.photos,available,82,20,6,,,
da7473de-2249-45cb-9313-fa6cb7831b39,theory.pics,available,82,20,6,,,
82816adc-78b3-4f6a-910f-017b4a547e71,theory.pictures,available,82,20,6,,,
79ce602a-2e26-434d-b690-b515915ee96b,theory.pink,available,82,20,6,,,
c665b020-b9bb-42d9-8837-01fd5b3b9710,theory.pizza,available,82,20,6,,,
7b8652e7-1a5d-427e-baba-a11a13c8421a,theory.place,available,82,20,6,,,
fd5ff6d1-e944-4730-bf53-3df32766f7e3,theory.plumbing,available,82,20,6,,,
db4f1a41-b5e3-40d9-a547-844a1b0ef6fe,theory.poker,expiring,82,20,6,"GoDaddy.com, LLC",18/12/2022 10:27,18/12/2025 10:27
7544d0df-89b8-40a9-8489-e229c79a7e68,theory.porn,premium,82,20,6,,,
a8979d86-21eb-4f52-8adb-05aed6094e6d,theory.press,premium,82,20,6,,,
78d259b7-06f6-4eb0-84e3-3bcfac64fbb3,theory.pro,resell,82,20,6,Epik LLC,31/07/2019 10:14,31/07/2026 10:14
343db58d-77c8-4593-849d-16743f7bd4cf,theory.productions,premium,82,20,6,,,
a998bb30-7a42-43cf-815e-577796e54e56,theory.prof,premium,82,20,6,,,
9f79f674-834e-49dc-b716-047d2fdf1635,theory.promo,available,82,20,6,,,
b82cd08b-78b8-41ff-b36a-0b316b16b216,theory.properties,available,82,20,6,,,
da19d7ea-a75f-4c0d-b25a-9e9732e785e8,theory.property,premium,82,20,6,,,
e205a0c9-8d9b-4d8b-aeb3-b90b87b476fd,theory.protection,available,82,20,6,,,
ae9e3513-7289-4219-adfa-e0503f7fafd6,theory.pub,available,82,20,6,,,
eb7025bb-e382-4c15-9d2f-9ad1ab521710,theory.pw,premium,82,20,6,,,
1767ac8a-426a-423d-b146-c2f78624e0e7,theory.qpon,available,82,20,6,,,
8ac08561-8d88-4ed6-ab75-f85b57fb55be,theory.racing,premium,82,20,6,,,
d23995dd-1384-443e-a0d1-a1a2d8b08aa5,theory.realty,available,82,20,6,,,
1deffc66-e731-48d4-90d0-758336bef130,theory.recipes,available,82,20,6,,,
e8427480-4666-49c5-b221-88b336750234,theory.rehab,available,82,20,6,,,
61c8e08e-a8bb-4aec-8b86-4be2e28f2f74,theory.reise,available,82,20,6,,,
d14d9935-94cd-4756-9640-78bdb1f081ad,theory.reisen,available,82,20,6,,,
78356325-3681-4462-8e29-4b3723e04c74,theory.rent,available,82,20,6,,,
80316519-bd1e-4d2d-8869-48b9cc78d1d7,theory.rentals,available,82,20,6,,,
dac29494-b959-494f-b56e-e056403c822b,theory.repair,available,82,20,6,,,
c5966508-7651-4090-b072-ad672fb57b91,theory.republican,available,82,20,6,,,
d3690f53-5c4f-42e2-8252-ed2a5dc253fd,theory.rest,available,82,20,6,,,
2c86b2fa-65ce-45a1-b336-7d71c6a27365,theory.restaurant,available,82,20,6,,,
79fa043e-ef95-4f47-b128-9e07f567814d,theory.review,premium,82,20,6,,,
39859d4a-c12f-4df4-95a7-90d121e34a47,theory.reviews,available,82,20,6,,,
f5b0a7eb-dd16-49da-a08f-4d3b24983577,theory.rich,available,82,20,6,,,
66ce557f-3fcb-443d-993f-3afde94561f9,theory.rip,available,82,20,6,,,
25e3e800-302d-484b-b79e-4b1c771dccda,theory.rodeo,available,82,20,6,,,
f47e343a-9325-44d6-8c20-1ab2c542dd75,theory.rsvp,premium,82,20,6,,,
353b26f9-c8ed-4612-b9da-5d568bf81da0,theory.sale,available,82,20,6,,,
b6b407e0-9ca5-4755-94a8-79469c39b304,theory.sarl,available,82,20,6,,,
7bed571b-3fd5-4a5d-b505-83b5bcae189a,theory.sbs,premium,82,20,6,,,
56a31ca0-9716-4685-84ce-0f9693824c8c,theory.school,sold,82,20,6,"Cloudflare, Inc",11/12/2025 11:33,11/12/2026 11:33
3c5ee672-abfd-4b96-b046-6ec2c6734140,theory.schule,available,82,20,6,,,
20332d3e-fd42-4f7b-ae29-ae95659043a6,theory.science,premium,82,20,6,,,
000a5424-06f1-4676-936b-e490bf4df375,theory.security,available,82,20,6,,,
04c0ee31-0b7e-45e1-9f58-fa7e4b26c92c,theory.sexy,available,82,20,6,,,
9792d4b1-4e51-4d70-b8ca-fb9263ebc19d,theory.shiksha,available,82,20,6,,,
22074f77-babc-44b5-8536-bdc404fb2a6e,theory.shoes,available,82,20,6,,,
65682261-7b4f-43af-99ef-8e23f1620d13,theory.shopping,available,82,20,6,,,
f9e503de-f16b-471f-958c-3dabe2da5f41,theory.show,available,82,20,6,,,
e334ae1f-a9cf-492b-91f8-05dd640b7208,theory.singles,available,82,20,6,,,
ca111ab8-8af0-46d3-bb71-d1f9b720db29,theory.site,premium,82,20,6,,,
eb9eefe8-5b97-4346-ae62-221115c4b431,theory.ski,available,82,20,6,,,
f67eb667-e7a6-4509-a1dc-32fd57945419,theory.so,resell,82,20,6,NameCheap,19/08/2020 12:33,19/08/2025 12:33
c17386f1-7768-435b-bb96-8dd549c627af,theory.soccer,available,82,20,6,,,
cc57f8f7-b585-4424-b1c3-5722a817642b,theory.social,premium,82,20,6,,,
7a591db9-87d2-4245-a1a2-438d07070893,theory.solar,available,82,20,6,,,
700ce624-73d8-4ab2-9c78-34be44f024ca,theory.solutions,sold,82,20,6,"Cloudflare, Inc",11/12/2025 11:34,11/12/2026 11:34
1bdbf4f1-0300-4145-84f4-96b722933818,theory.soy,available,82,20,6,,,
dd736f73-9d11-4b60-a047-f17596eab3d8,theory.space,premium,82,20,6,,,
1468c7cb-9ea6-43f5-b11d-0c09eb158ebd,theory.spot,premium,82,20,6,,,
279a9d8e-59e7-4412-b6db-76b9f7d993b5,theory.srl,available,82,20,6,,,
10b462a5-96a4-4d5d-a6ca-b6d4fede5405,theory.storage,available,82,20,6,,,
26c42a3e-f530-4ccb-ba44-350527aef471,theory.store,premium,82,20,6,,,
056ad91f-7dfa-465d-a9cf-c70fc7694c29,theory.stream,premium,82,20,6,,,
6894170f-4e69-40cb-8566-a3a5e0df7584,theory.study,premium,82,20,6,,,
d5a1e2f1-35bc-42be-bd0f-89e3f89bb45f,theory.style,available,82,20,6,,,
05162f9f-39fe-4f90-9d76-2f902ed65d96,theory.sucks,premium,82,20,6,,,
7822fe70-1001-4a7d-80d6-da53c85a465b,theory.supplies,available,82,20,6,,,
0743c0a6-e2e5-498a-ac61-4e0f51f588e7,theory.supply,available,82,20,6,,,
290df412-a1ef-4623-89d3-fea123b2cf6c,theory.support,available,82,20,6,,,
e09bbcd3-411e-41f1-a4d2-9f879b3b2ccf,theory.surf,available,82,20,6,,,
505b4351-b1ca-4ae5-bf30-93c1b6529e1a,theory.surgery,available,82,20,6,,,
fd6626a1-6758-4579-8d29-2266a21e4c9e,theory.sydney,available,82,20,6,,,
950b9483-8ea1-4501-9134-399a60f6fa09,theory.talk,premium,82,20,6,,,
44614ef6-c8be-4050-bd3f-7415a96ba982,theory.tattoo,available,82,20,6,,,
d451ef8e-7330-4c20-80a1-c121a42bed93,theory.tax,available,82,20,6,,,
f16375dc-216b-4fa7-8c0c-178e53f4e219,theory.taxi,available,82,20,6,,,
9c05ca3c-11dd-4cad-91f7-03d9cad46e2e,theory.team,resell,82,20,6,"Chengdu West Dimension Digital Technology Co., Ltd.",21/04/2019 20:43,21/04/2026 20:43
e9e9531d-682c-49b3-ac1f-50477298f906,theory.technology,available,82,20,6,,,
d7ef2cb3-3dec-4355-a476-0692e790fac1,theory.tel,available,82,20,6,,,
71f40027-f78a-46ea-8860-c61ccea460b9,theory.tennis,available,82,20,6,,,
c6c8d900-9d00-4273-876b-f7f9388d7f4a,theory.theater,available,82,20,6,,,
451b4ff9-312f-4376-abea-6edd7226db5e,theory.theatre,available,82,20,6,,,
a0437f5d-c115-4e1f-b5d8-ec34ae07986f,theory.tickets,available,82,20,6,,,
e5402304-7abe-4df7-af77-4c1f418146cd,theory.tienda,available,82,20,6,,,
910a6e8c-51db-4d78-869f-dabee048c867,theory.tires,available,82,20,6,,,
3e495100-0ed0-4d55-b83c-dbbee93956e1,theory.to,resell,82,20,6,NAMECHEAP,30/06/2025 02:27,01/08/2028 00:00
b33dcb86-c3dc-47f2-89e8-f0c0e28a0f8f,theory.today,available,82,20,6,,,
82323dcd-6b59-4ae9-9049-39ac5c4cef7f,theory.top,premium,82,20,6,,,
bc51482a-0d32-4782-acc5-fdd475524e38,theory.tours,available,82,20,6,,,
1edacc12-70bc-419a-9851-bfb1ed4215d4,theory.town,available,82,20,6,,,
b4e78d3c-7373-447e-8204-24033a2b4132,theory.travel,available,82,20,6,,,
08ea79ea-5b6c-45c7-8590-f151b03f2838,theory.tube,available,82,20,6,,,
04b805c6-9021-40e7-b61a-0ae8e0e555fd,theory.university,premium,82,20,6,,,
c80db57a-e0bc-4829-a693-5592f9d0044e,theory.uno,premium,82,20,6,,,
965e1b99-fe5d-498f-931c-a8bd4ece4e8f,theory.vacations,available,82,20,6,,,
d27c1417-462b-4b99-81c2-178e3dd01084,theory.vana,available,82,20,6,,,
bcb36150-afab-4da7-91c1-23cb8cd7ad50,theory.vc,expiring,82,20,6,"GoDaddy.com, LLC",15/01/2024 05:41,15/01/2026 05:41
5a779289-6baf-4dc7-8650-995fb544d25e,theory.vegas,available,82,20,6,,,
81839509-e6f3-4df5-84ec-72842cfc0c2f,theory.vet,available,82,20,6,,,
b8c6b333-342d-417d-8ddc-14dbab039385,theory.viajes,available,82,20,6,,,
7db84abd-e4fa-43a2-a912-8720d46e8702,theory.video,available,82,20,6,,,
a25f5a73-16b3-4e70-b93a-40b1819e4ac0,theory.villas,available,82,20,6,,,
62cf5db4-72ed-4aa2-9125-4b240ae122fa,theory.vin,available,82,20,6,,,
49918da0-4b2b-4398-922f-819a5a3fe0a2,theory.vip,premium,82,20,6,,,
141ce1b8-c454-4e36-80ca-aa7cb3b6c40f,theory.vision,available,82,20,6,,,
d30ce333-e103-40b6-9fac-101df3564ceb,theory.vodka,available,82,20,6,,,
89b0b4c2-e28f-4875-855f-920dc58a68cc,theory.vote,available,82,20,6,,,
2fb2b542-5b01-41ae-9723-7dfa2aba204f,theory.voting,available,82,20,6,,,
d189e80d-4c56-4d1f-8934-f339279d6df6,theory.voto,available,82,20,6,,,
469762bf-9421-48b8-82a5-d2f2ba391679,theory.voyage,available,82,20,6,,,
0f7a6867-65a5-4903-82b5-a1b4fd6515aa,theory.webcam,premium,82,20,6,,,
41eddd43-9f1d-4d62-b8f0-ced7fef05391,theory.website,premium,82,20,6,,,
51a1d75b-d4e8-47f2-b8e0-3820b9c723a3,theory.wedding,available,82,20,6,,,
ab7aab9e-3daf-48e4-9415-6fb7998ba671,theory.wiki,resell,82,20,6,"Sav.com, LLC - 7",27/04/2025 00:00,27/04/2026 00:00
826b6665-6f1b-4ac5-9a42-019802d8bbaa,theory.win,premium,82,20,6,,,
e36e9ef1-63a1-4ffb-84e5-a31678c7f480,theory.wine,available,82,20,6,,,
5adc96ef-a298-4017-8c14-a9f5a8c914e4,theory.world,resell,82,20,6,"DNSPod, Inc.",17/12/2019 09:03,17/12/2026 09:03
65a06274-7461-4c1b-90a6-cb782eefc91c,theory.xyz,resell,82,20,6,"Go Daddy, LLC",02/06/2014 17:37,02/06/2026 23:59
68ce17f3-e695-4239-a79c-41df3bc407e1,theory.yachts,available,82,20,6,,,
400b2c20-b544-4943-8e43-2b95122295c1,theory.yoga,available,82,20,6,,,
b15c39ae-cad4-4152-b0d4-1dc9f2d2505a,theory.you,premium,82,20,6,,,
99c75f8c-d19c-47a9-a0c4-320f280320fd,theory.zip,premium,82,20,6,,,
24294fb9-d16d-4e91-b1e3-304af9539139,theory.zone,available,82,20,6,,,
797f2e4f-9018-4924-8760-0b940087b421,mathematics.app,premium,64,92,11,,,
97c81a10-38b9-4191-ac92-3a357b131831,mathematics.cloud,premium,64,92,11,,,
931f39aa-f874-4105-be79-b1688ea73c02,mathematics.expert,expiring,64,92,11,"GoDaddy.com, LLC",14/07/2022 11:44,14/07/2025 11:44
77b401db-551a-405b-bdae-cd5e1d7dc965,mathematics.it,resell,64,92,11,,20/12/2023 16:00,20/12/2025 00:00
9debbfa6-67ef-49b0-a9d4-2b43d14f99d7,mathematics.net,resell,64,92,11,"Network Solutions, LLC",24/04/1998 04:00,23/04/2026 04:00
8307adf7-42ad-4ef7-9894-ed6fc8d2e168,mathematics.online,resell,64,92,11,"CHENGDU WEST DIMENSION DIGITAL TECHNOLOGY CO., LTD.",26/08/2015 16:00,26/08/2025 23:59
28fa25f0-aaad-4a1b-a43d-e3face512112,mathematics.org,resell,64,92,11,1API GmbH,01/10/2004 18:54,01/10/2025 18:54
a48c303a-1047-44ac-bca6-e474d1fe0ab9,mathematics.so,available,64,92,11,,,
be4f9c10-1877-4b0d-9cf5-4c6272aea9e9,mathematics.space,premium,64,92,11,,,
67477fc5-53de-4327-af9b-6351070c7320,mathematics.xyz,resell,64,92,11,"Go Daddy, LLC",02/06/2014 17:28,02/06/2026 23:59
e6721431-b742-4aeb-9f40-ee75efc66882,geometry.ac,available,68,21,8,,,
a616eddf-c1a1-44d5-a2b4-a840311120b9,geometry.accountant,premium,68,21,8,,,
20fb0b29-56e9-4b48-87d3-b734c731aa42,geometry.accountants,available,68,21,8,,,
6ddf0e03-0aae-4d84-88da-61b54283ed01,geometry.actor,available,68,21,8,,,
c7c72462-32e5-44ea-81c0-3ca2d31678f7,geometry.adult,available,68,21,8,,,
c56af062-ed76-49c5-a28c-455fe00deb0b,geometry.ag,available,68,21,8,,,
a35576af-26ec-47de-8d0d-94c9147ab6e2,geometry.airforce,available,68,21,8,,,
9c31bb56-0948-4443-835c-627e67b45a7b,geometry.apartments,available,68,21,8,,,
023c7764-c461-422f-9e21-e51d2772c6ee,geometry.app,expiring,68,21,8,Namecheap Inc.,15/01/2023 03:56,15/01/2026 03:56
2bae0667-2ff8-4eff-a96f-f442dd4291a1,geometry.archi,available,68,21,8,,,
14547778-0de8-4522-b8ad-47cdd9fb0292,geometry.army,available,68,21,8,,,
637b578c-6886-4368-a3e9-292a0bd7808e,geometry.asia,available,68,21,8,,,
a275b61c-71cf-4941-8860-5556b97b66ff,geometry.associates,available,68,21,8,,,
38193283-0e0c-4e28-aa85-1340d4d6e003,geometry.at,sold,68,21,8,Host Europe GmbH ( https://nic.at/registrar/168 ),,
ab96a621-f236-4511-bc11-f1fb5cde25bf,geometry.attorney,available,68,21,8,,,
600caf6f-edd1-4596-8bdc-d26a80549be4,geometry.auction,available,68,21,8,,,
a7e35be7-5ebc-4cea-94cd-c1354af65edf,geometry.audio,available,68,21,8,,,
8118df0c-ea89-460f-9465-2ca64a86a9cc,geometry.auto,available,68,21,8,,,
06afc3cf-c731-4228-b395-b94e9fcf9873,geometry.autos,available,68,21,8,,,
4a369379-ae76-4c95-a5a6-204d99044b38,geometry.baby,available,68,21,8,,,
248a0f1f-7ef4-4c2d-82ac-c0ae9516c647,geometry.band,available,68,21,8,,,
6f3a29e8-1da6-4307-a882-b35a55d500eb,geometry.bar,premium,68,21,8,,,
fedc25a8-dcdf-4dba-a00a-653a49fdd6e2,geometry.bargains,available,68,21,8,,,
e79f5d2b-469c-4cef-8d28-0cd3d55c0e72,geometry.bayern,available,68,21,8,,,
4afc9167-9e3d-49dd-9de2-1d1fe96ab872,geometry.beauty,available,68,21,8,,,
dacb1d6a-9c82-44da-b679-79376ea89953,geometry.berlin,available,68,21,8,,,
d64112f7-2e02-4dcf-8557-063342318b48,geometry.bet,available,68,21,8,,,
3becc3cc-199c-46fc-a24d-351f199e36b1,geometry.bid,premium,68,21,8,,,
5c734a6d-4cf6-48cc-9ea1-b419172a4bcd,geometry.bingo,available,68,21,8,,,
15af4c90-366e-4430-82c2-d3f20e1496bb,geometry.biz,resell,68,21,8,"NameSilo, LLC",22/01/2004 17:34,21/01/2026 23:59
7b2f03cb-eb5a-4d74-aea6-0342da3f2c8a,geometry.black,available,68,21,8,,,
b3f46944-1a49-4152-8ef8-40a657017de3,geometry.blackfriday,available,68,21,8,,,
f5e5f92e-f38c-4eb9-a700-aab93e8ba983,geometry.blog,premium,68,21,8,,,
5bc951d7-f05c-4fb7-8878-b5e5fb6bb12b,geometry.blue,available,68,21,8,,,
ca818af3-cea5-46ca-9dc5-c0b3cc4f4c72,geometry.boats,available,68,21,8,,,
b91b51d0-55e8-44b7-8e8a-413268d79f0f,geometry.bond,premium,68,21,8,,,
5c2aa64b-acca-4512-999f-ccea0cf0234a,geometry.boo,premium,68,21,8,,,
9faf6fc8-f2b3-44de-b0ee-7237b96764ce,geometry.boston,available,68,21,8,,,
d6cca3f4-e5ba-46c8-816e-04adeaa3e1cb,geometry.bot,available,68,21,8,,,
8fa40ea8-0f63-4a8f-bdcd-77fc142ca560,geometry.boutique,available,68,21,8,,,
77183843-72e4-4cf9-933c-e79004be1498,geometry.build,available,68,21,8,,,
c0583520-f1b3-4c8e-988f-546dcab8ec44,geometry.builders,available,68,21,8,,,
82df2d24-1c0d-4503-b373-ffa599017cfe,geometry.business,available,68,21,8,,,
7e39a669-ad03-4701-ba4f-bb4311aed491,geometry.buzz,premium,68,21,8,,,
4d63c6c8-d48d-4698-a7df-a970f49eee1b,geometry.bz,available,68,21,8,,,
2567dd54-0757-48b5-8b0d-a3847357b481,geometry.cab,available,68,21,8,,,
4d01f975-0784-4993-926c-5b571cf5769d,geometry.cafe,available,68,21,8,,,
63c0bdf1-603f-4ea1-a091-9df8e2d12f98,geometry.cam,available,68,21,8,,,
5bcbfbff-5bd7-40b7-92a9-8e7fc5c6bb40,geometry.camera,available,68,21,8,,,
053dbbb8-12e9-4283-bd07-693f2da7a150,geometry.car,available,68,21,8,,,
895f2634-1cf0-4d06-8172-712aa3b4e32f,geometry.cards,available,68,21,8,,,
e1433e05-26e5-406e-b2a2-add45a70d40a,geometry.care,available,68,21,8,,,
70b7ddf8-bd8e-4100-804b-017167e267fe,geometry.careers,expired,68,21,8,InterNetX GmbH,11/12/2017 13:54,11/12/2025 13:54
6cf2c027-a20f-4358-bbba-8ecfea3ae359,geometry.cars,available,68,21,8,,,
c2d388d9-84bd-4ba0-87ce-e94eeb0ab3d9,geometry.cash,available,68,21,8,,,
7bd12ac3-f80a-48b5-b121-f8e3527c8c91,geometry.casino,available,68,21,8,,,
a568e9d6-0461-48bb-876f-d2a52e249aee,geometry.catering,available,68,21,8,,,
4387533b-d0fd-47f5-a68d-5772be514f9a,geometry.ceo,available,68,21,8,,,
643b2838-32c4-4065-b838-3223704112e3,geometry.cfd,premium,68,21,8,,,
73b751f0-6de0-48d0-b67c-74ab6d44afcc,geometry.charity,available,68,21,8,,,
1a5bec11-4690-4b6c-9092-4335634ec925,geometry.cheap,available,68,21,8,,,
b0b4f54d-7a1a-4aae-884b-59f449f2d193,geometry.christmas,available,68,21,8,,,
7abb2340-dd58-4097-8024-b1ae2908fbb1,geometry.church,available,68,21,8,,,
330eeb72-d7b1-4fe6-ae46-128f6f84b13f,geometry.claims,available,68,21,8,,,
1b4a6605-c23b-4641-95ee-2f5b290dde86,geometry.cleaning,available,68,21,8,,,
1ca7230e-09e5-48ce-90e0-022c39090ed9,geometry.click,available,68,21,8,,,
b09d52c9-9580-4456-8f11-ff146242d6cb,geometry.clinic,available,68,21,8,,,
363ccea5-ae9b-480f-8896-685b1754207a,geometry.cloud,premium,68,21,8,,,
82e90f02-225d-41f7-8455-969a39a900d2,geometry.coach,available,68,21,8,,,
ecd7b38a-5dd8-4d9c-ad8a-f8788e80ad3f,geometry.codes,available,68,21,8,,,
64354471-b385-4b70-903e-12b170953f2d,geometry.college,available,68,21,8,,,
c7e2bfd4-e80b-4e65-bd4b-472139af93a0,geometry.community,available,68,21,8,,,
b1699302-58b3-4ba8-8253-c69d6545a9d0,geometry.condos,available,68,21,8,,,
03930a0e-6ba6-406f-a73e-c298be2a7b60,geometry.construction,available,68,21,8,,,
0fd2705a-34a7-40a3-9715-16e75aaf6e03,geometry.contact,available,68,21,8,,,
7e8b6c79-a3a4-4e89-b4c9-49ca345f5c68,geometry.contractors,available,68,21,8,,,
a20d6680-c6f4-494f-8d88-de374f1b5d2c,geometry.cooking,available,68,21,8,,,
36d74996-a9cb-41a1-86ea-9f07816030aa,geometry.cool,available,68,21,8,,,
46493998-0d27-47f7-9f11-0bb58b71a41f,geometry.country,available,68,21,8,,,
3501022b-5a46-4d86-a5e0-5d8ec5c06a7a,geometry.coupons,available,68,21,8,,,
6cba344c-7dd4-4716-af8b-a5c154380e70,geometry.courses,premium,68,21,8,,,
84163620-4567-4005-aa56-f06c7d80ed39,geometry.credit,available,68,21,8,,,
1ad5848b-3a04-4125-959d-93a96de2d8d7,geometry.creditcard,available,68,21,8,,,
d11c513d-5363-4cf1-b15a-557f0668d82a,geometry.cricket,premium,68,21,8,,,
5a73dbe5-7fe4-438b-a16e-2d46f32076f1,geometry.cruises,available,68,21,8,,,
7c9dfb45-e2dc-4579-a18f-e8a4e6dc8daf,geometry.cyou,premium,68,21,8,,,
90d5aac1-e1ea-4bf5-9fb0-ae5106d7756c,geometry.dad,premium,68,21,8,,,
50c597e1-d2c1-45f2-893d-9afe74f805f4,geometry.dance,available,68,21,8,,,
ef1e7244-5f0d-4497-b19b-3d8a4bb7bf68,geometry.date,premium,68,21,8,,,
451aecda-7549-4aa3-a51b-183c73c5a913,geometry.dating,available,68,21,8,,,
291dde56-c992-40a5-8f6a-f55ab55101a6,geometry.day,premium,68,21,8,,,
bcd79c49-bcaa-44c4-aa9e-4ff0938530b8,geometry.deal,available,68,21,8,,,
4619254a-1af0-4fb8-892d-c3ce83f3425d,geometry.dealer,premium,68,21,8,,,
3a356537-a094-47ca-aa05-d77b288ef1ab,geometry.deals,available,68,21,8,,,
d0f7bbe6-7d1a-4ed4-9432-0ce9428da62a,geometry.degree,available,68,21,8,,,
f54e7f41-d49e-4f0c-982d-7705a16122bb,geometry.delivery,available,68,21,8,,,
9e1bd999-beea-425e-81f9-d555754727a3,geometry.democrat,available,68,21,8,,,
a575632a-7a91-4cf3-96ca-f074c97ac089,geometry.dental,available,68,21,8,,,
2ed7a1ec-e117-429e-8bd6-b3c0797ae79a,geometry.dentist,available,68,21,8,,,
1791e67c-5227-4af3-baad-dedc2021b25c,geometry.design,expired,68,21,8,InternetX GmbH,11/12/2017 13:54,11/12/2025 23:59
55044a80-761d-4f9a-bc31-018651a3038c,geometry.diamonds,available,68,21,8,,,
fd17532c-c1b7-4f22-b219-e8ab43dbe9b4,geometry.diet,available,68,21,8,,,
29737861-0714-42dd-803d-4a636c204f8c,geometry.digital,resell,68,21,8,"Sav.com, LLC - 31",09/09/2025 15:15,09/09/2026 15:15
60cda6db-4c00-4d99-aec0-254f99bb4442,geometry.direct,available,68,21,8,,,
4731a6cd-2fc7-4ffc-b373-f385376f8a0a,geometry.directory,available,68,21,8,,,
9bdbbb6e-ed62-460b-a432-e452590e55b1,geometry.discount,available,68,21,8,,,
13acc2fe-64e8-4661-8aae-c738d2675ae3,geometry.doctor,available,68,21,8,,,
0d8a40c7-4151-48e5-bf33-e29e356cea01,geometry.dog,available,68,21,8,,,
b0b2dbf9-1199-4a32-b99f-8dae0a5b4cd5,geometry.domains,available,68,21,8,,,
18b1956e-7e65-407d-ba3f-0990c05ca3ef,geometry.download,premium,68,21,8,,,
92a21a83-a892-424d-ade3-5a524362788d,geometry.education,available,68,21,8,,,
da716009-634f-4ba7-8eeb-4f41463b6596,geometry.energy,available,68,21,8,,,
8776cd32-1e3c-4d35-a864-10f8b0c4fae1,geometry.engineer,available,68,21,8,,,
d3520a60-a125-4d2c-a645-22e4129f680f,geometry.engineering,available,68,21,8,,,
30488abc-5e28-403a-abf9-b6abbb4302e9,geometry.enterprises,available,68,21,8,,,
9c222562-e339-464e-926f-5f146c90f97e,geometry.equipment,available,68,21,8,,,
42705b5e-0aa0-4394-b27b-221b5dc10ee0,geometry.esq,premium,68,21,8,,,
1a416ae3-5a76-40eb-aea7-7135f271340d,geometry.estate,available,68,21,8,,,
ae3905c7-aecd-4f29-af1e-c8626928d2c0,geometry.events,available,68,21,8,,,
0d99e00b-72fc-4561-8da9-a322ef4de4ac,geometry.expert,available,68,21,8,,,
2b4d9ae7-4283-41bb-a5f0-9b203fcd5b3a,geometry.exposed,available,68,21,8,,,
fdc6d349-2be6-435a-9f53-00603b747abb,geometry.fail,available,68,21,8,,,
0e04fb1f-11a9-4c7b-9de9-3f9a1307f239,geometry.faith,available,68,21,8,,,
c441e77b-8189-4690-88e7-4a62b76f45a8,geometry.fan,available,68,21,8,,,
26399dcc-3b9e-4c07-8f01-061e088ba118,geometry.fans,premium,68,21,8,,,
b591c1a7-f13b-44d6-acc3-1b0707a543bf,geometry.farm,available,68,21,8,,,
a7d71842-81ff-46c7-b4ad-07bfb28c24b6,geometry.fashion,available,68,21,8,,,
c1b19fa5-7662-476d-ac19-bb09661cd3ac,geometry.fast,premium,68,21,8,,,
ff836cba-2409-4431-9814-be318123bf82,geometry.feedback,available,68,21,8,,,
83429ef5-d22d-4016-b116-21fe3f6fa8f5,geometry.fish,available,68,21,8,,,
616a2090-f6ca-499d-8d42-2c88500d133f,geometry.fishing,available,68,21,8,,,
eb8bd3a2-8552-40d4-a577-38d86594f8bc,geometry.fit,expired,68,21,8,"GoDaddy.com, LLC",20/11/2024 13:10,20/11/2025 13:10
487f42cc-f78e-461c-a1d5-ee05e642cedb,geometry.fitness,available,68,21,8,,,
f168658f-6819-493b-a82f-ad3e734249ac,geometry.flights,available,68,21,8,,,
7bc2fe00-d069-49a9-a625-44c0dceab01f,geometry.florist,available,68,21,8,,,
97186fea-8304-4f23-8dc5-dff5222a0700,geometry.flowers,available,68,21,8,,,
c6b3b70e-51dd-4dcb-a541-eff11f82e331,geometry.fm,available,68,21,8,,,
ea7c8010-0d5c-4e25-9c82-ca574d131113,geometry.foo,premium,68,21,8,,,
a52b9931-88c5-41c3-a192-6893c2c85687,geometry.food,available,68,21,8,,,
fa4429e3-b0d7-4d99-8200-642945ebf252,geometry.football,available,68,21,8,,,
92f9b204-93e8-4270-a026-3381faacb079,geometry.forsale,available,68,21,8,,,
bac893a8-81ea-4cdb-a6dc-2572b0666bc7,geometry.forum,available,68,21,8,,,
244fad89-a5a7-4a8b-bda8-4de20c279d12,geometry.free,premium,68,21,8,,,
b9f7f4fd-9e84-4b54-87bc-0b781e1fc915,geometry.fun,premium,68,21,8,,,
d2313093-7ade-4729-91a8-622abdd9f314,geometry.furniture,available,68,21,8,,,
4c496b3a-0318-49a5-a0d8-6bf39fe9ea0e,geometry.futbol,available,68,21,8,,,
97da10d4-2203-415e-861c-4d320c9205b9,geometry.fyi,expiring,68,21,8,"GoDaddy.com, LLC",30/12/2023 19:24,30/12/2025 19:24
0f704bb8-9006-4fff-8885-589490ba026d,geometry.gallery,expired,68,21,8,Porkbun LLC,13/10/2024 20:50,13/10/2025 20:50
3c73e23f-4da8-4bae-ba43-8a56042f57d5,geometry.game,resell,68,21,8,Namecheap,01/05/2024 12:55,01/05/2026 23:59
ec5fd503-11bc-40a6-b92c-5638bf5f6152,geometry.garden,available,68,21,8,,,
501f14d1-8519-4e0b-b3fb-de24adaa2bd0,geometry.gg,resell,68,21,8,"Spaceship, Inc (https://www.spaceship.com)",,
c764c593-2a76-470d-ab8c-126e397d0735,geometry.gift,available,68,21,8,,,
9f98a5d6-2f64-4108-8251-a52e6d41ea8d,geometry.gifts,available,68,21,8,,,
ce4055b8-b5c8-4d7a-893c-db54357fe27c,geometry.gives,available,68,21,8,,,
845e553e-634d-48c1-9d0c-9279add3e75a,geometry.giving,available,68,21,8,,,
4fd11c0b-0ce6-4b50-8ecf-16bbf4afd4f2,geometry.glass,available,68,21,8,,,
26467338-526d-431b-9c83-c62ac55ccdc8,geometry.gmbh,available,68,21,8,,,
6e30fb64-dc66-4e95-b80f-f3c21d10cc92,geometry.gold,available,68,21,8,,,
a00d8c6f-f376-49cc-b9bf-101960154aeb,geometry.golf,available,68,21,8,,,
09c15e79-7de9-4f74-bb3c-0725c12b4754,geometry.gratis,available,68,21,8,,,
0e76437e-796f-4f01-a722-d17f6fecffad,geometry.green,available,68,21,8,,,
04963b16-0405-45d5-b75f-005002ce7179,geometry.gripe,available,68,21,8,,,
6b129ccf-5252-4db3-919e-a2ba4d9a8e7f,geometry.guide,available,68,21,8,,,
5fa98f7c-010d-4fc9-8665-e4e109000f3b,geometry.guitars,available,68,21,8,,,
06acf81c-cf6b-47da-9355-e24f4ae39b28,geometry.guru,resell,68,21,8,"Sav.com, LLC",10/05/2025 20:06,10/05/2026 20:06
074bee88-3e00-463f-82ab-b5335cd8cd32,geometry.hair,available,68,21,8,,,
aa052147-40a8-46bc-865b-a2cc81b4bb01,geometry.healthcare,available,68,21,8,,,
485872b6-5eb6-4fb1-833c-db1a37f661c4,geometry.help,available,68,21,8,,,
478c61cb-b867-4d1e-bfa8-f397595cc5b2,geometry.hiphop,available,68,21,8,,,
d2352a23-1d26-4407-b035-5070b39d1536,geometry.hiv,available,68,21,8,,,
9a16d7e7-b227-466a-a721-4521c25cabd4,geometry.hockey,available,68,21,8,,,
61d26ebc-33ec-4d85-89ef-f7594208ada9,geometry.holdings,available,68,21,8,,,
db9dadb3-d853-4269-814c-8ac6d95e8a27,geometry.holiday,available,68,21,8,,,
3be36bd4-9512-4299-920c-2619bc5766ff,geometry.homes,available,68,21,8,,,
003667f7-24ce-4bc5-884d-f37355f69f84,geometry.horse,available,68,21,8,,,
22ef4923-f9ad-4a9a-a5d1-23dbb31ebe8a,geometry.hospital,available,68,21,8,,,
b16771d3-b6d4-4df0-9418-eb02a632eb77,geometry.host,sold,68,21,8,"HOSTINGER operations, UAB",14/12/2024 05:48,14/12/2026 23:59
57fc9683-b6ff-4c0f-9475-f646dc5080e9,geometry.hosting,available,68,21,8,,,
8f8c42b1-21c4-4cbd-898c-e50a09ade995,geometry.hot,premium,68,21,8,,,
d8e7aa3e-8eff-4707-aae9-059a3951c132,geometry.how,premium,68,21,8,,,
7bb5c9f1-3213-4faa-a7b4-c0a23b5c3900,geometry.im,premium,68,21,8,,,
62ffb4e5-2bb8-421a-a7db-076a0c1309ff,geometry.immo,available,68,21,8,,,
418bc9cc-82c5-42a7-8169-bfab68b56c0b,geometry.immobilien,available,68,21,8,,,
cbc91039-22e3-46bb-aa8d-60cc4dd40f13,geometry.industries,available,68,21,8,,,
08d3e738-84dd-44da-9ede-3d3f2c16a2b3,geometry.info,resell,68,21,8,"GoDaddy.com, LLC",15/09/2001 08:05,15/09/2026 08:05
664a8811-fe50-47b4-8c1c-0ea637a03782,geometry.ing,premium,68,21,8,,,
c4f07190-987b-44ea-a3be-19c2af038f50,geometry.insure,available,68,21,8,,,
6d7aaae2-2db4-4d5a-ae47-aa17b3d63129,geometry.io,resell,68,21,8,"NameCheap, Inc.",06/02/2016 00:30,06/02/2026 00:30
07b776cf-f0d9-4730-8536-1399af3ebc83,geometry.irish,available,68,21,8,,,
0534dbbe-0588-4a17-8233-7e8b97b0c28c,geometry.it,sold,68,21,8,,16/07/2007 09:49,16/07/2026 00:00
6c83e8fb-436f-40b8-b1e3-f541dad3dd76,geometry.jetzt,available,68,21,8,,,
0a42b468-422e-41bc-82bb-abc2e028d1f5,geometry.jewelry,available,68,21,8,,,
23f1ad6b-ad39-41fe-bbaf-38b4dcdea067,geometry.juegos,available,68,21,8,,,
b2038b74-03d9-4206-b182-75041540c252,geometry.kaufen,available,68,21,8,,,
96b9c8ba-a8f7-44d8-9cf4-3216182f2bea,geometry.kids,premium,68,21,8,,,
e7415859-2299-439b-85dc-c76e7d520a4d,geometry.kim,available,68,21,8,,,
7017ca94-4929-47d1-be97-10b1a5a45a7e,geometry.kitchen,available,68,21,8,,,
403fb814-1152-4b5c-937f-22f2b582f384,geometry.law,available,68,21,8,,,
a99255be-9fb6-49c7-abd8-5ed90b0287b6,geometry.lawyer,available,68,21,8,,,
70cdaf69-1736-45f5-b712-51668f6d8141,geometry.lease,available,68,21,8,,,
36eb4140-8fea-4d7a-a251-7bcdbd7155ce,geometry.legal,available,68,21,8,,,
1863179e-984c-4aae-a180-b43df67a8ed6,geometry.lgbt,available,68,21,8,,,
164049f7-9227-432b-9f7e-5bd17774c069,geometry.lifestyle,available,68,21,8,,,
67da2509-793b-465f-9b70-36e1672d10c3,geometry.lighting,available,68,21,8,,,
6ac8915c-79ee-4f06-b4f7-79e213799ac7,geometry.limited,available,68,21,8,,,
baabcf30-2f04-41fc-a92f-864f260f22ba,geometry.limo,available,68,21,8,,,
66c7dd68-1b6a-4f99-8dc8-ca5d720c4b34,geometry.link,premium,68,21,8,,,
5c51649d-74bb-4a89-82b3-e25d70a5fe05,geometry.live,resell,68,21,8,"Sav.com, LLC - 16",16/05/2025 15:16,16/05/2026 15:16
9a0f76ed-5788-402b-8eca-3be588a193a4,geometry.living,available,68,21,8,,,
fbb86319-d0ad-4186-a056-7eefcdf2d5ca,geometry.loan,premium,68,21,8,,,
4489f33c-0b30-45fb-b5b6-5cdaa171a04c,geometry.loans,available,68,21,8,,,
b4a1b809-7942-40ab-99bc-b746f3df7fcc,geometry.locker,available,68,21,8,,,
0ce691e0-c4f2-4f98-a55c-0bac627131b5,geometry.ltda,available,68,21,8,,,
cc8e22ea-386b-4858-bb19-9f1196c14ae2,geometry.luxe,available,68,21,8,,,
44e07e5f-f8b4-45ba-b4ac-19d1531cb773,geometry.luxury,available,68,21,8,,,
a4cbffec-937e-491f-b5a1-b530ea7d738a,geometry.maison,available,68,21,8,,,
d2798a72-3c60-43dc-a8bc-01ad024e967e,geometry.makeup,available,68,21,8,,,
53171074-816f-4726-9478-446d8cb99745,geometry.management,available,68,21,8,,,
3182a350-e396-4296-a6c7-60a84252ff6a,geometry.market,available,68,21,8,,,
c40508d3-c285-4466-bc21-9736856af2df,geometry.marketing,available,68,21,8,,,
1e9330b0-de23-4cc9-bee9-4f0f0ccf547b,geometry.mba,available,68,21,8,,,
f182821b-8da2-4a42-ae5d-d7856096423c,geometry.me,expiring,68,21,8,Dynadot Inc,02/01/2020 01:06,02/01/2026 01:06
69754202-d095-4c31-8175-a376da0d8b2f,geometry.melbourne,available,68,21,8,,,
83062b72-e762-43e6-83e6-88065ef4a8ca,geometry.meme,premium,68,21,8,,,
0086d039-682f-47f7-925c-7ab34b6994b5,geometry.memorial,available,68,21,8,,,
852df0d5-fecc-4e93-9dc8-f2d17324ab14,geometry.men,premium,68,21,8,,,
d89a4a7b-a394-48b9-a084-bd869f285004,geometry.menu,available,68,21,8,,,
24fe6176-5b45-4155-9425-5981c4c1147e,geometry.miami,available,68,21,8,,,
e5852e58-8013-40b2-861c-e43d4faef60b,geometry.mobi,premium,68,21,8,,,
31625eb3-c92a-4ee7-b279-b83ec8852bef,geometry.moda,available,68,21,8,,,
f57cbc52-babf-4302-bff8-5b69d180c4d4,geometry.moe,available,68,21,8,,,
ae4d6ee3-350c-4bab-93dc-af8dcab3a7fd,geometry.mom,available,68,21,8,,,
6758ba2e-fe48-4c40-ac23-bf1064af68d5,geometry.mortgage,available,68,21,8,,,
c0a78349-7011-451d-ba34-0c27655db4f0,geometry.motorcycles,available,68,21,8,,,
a225ad46-214f-4b56-b831-e991aab71b65,geometry.mov,premium,68,21,8,,,
113e1075-7693-49d5-b73d-16c78389a527,geometry.movie,available,68,21,8,,,
b4ecb7f2-0227-41f1-9371-5664210626d8,geometry.music,available,68,21,8,,,
75e360d2-5c53-4af2-8d58-6d620ff20d8c,geometry.my,premium,68,21,8,,,
0cddc788-57af-4f40-8d47-cf993d9b553f,geometry.name,available,68,21,8,,,
1e6f0e35-d53a-47bf-8002-3822d441b35e,geometry.navy,available,68,21,8,,,
230b1d5b-354a-4ad6-8a1e-613913209fc9,geometry.news,available,68,21,8,,,
786aacc4-a551-491c-ad97-9b931c253cd8,geometry.nexus,premium,68,21,8,,,
bf071df1-c9f3-42e7-a850-d501dd9fd102,geometry.ngo,available,68,21,8,,,
e30ba366-6d0e-4778-93bb-61905e91be4c,geometry.ninja,available,68,21,8,,,
ec857797-51d2-4214-8615-7f273b2eea09,geometry.observer,available,68,21,8,,,
06c91660-3f47-4acd-986e-9b78b92aaf3c,geometry.one,resell,68,21,8,"GoDaddy.com, LLC",26/03/2024 03:08,26/03/2026 03:08
727523f6-1ba8-45c7-9b52-0b27772ad8b6,geometry.ong,available,68,21,8,,,
1fbf8537-54d3-4252-a798-676f707e346d,geometry.onl,available,68,21,8,,,
51f1ebb9-b3b1-4dad-8bbf-c8102db546b0,geometry.online,premium,68,21,8,,,
2cc601d8-57a4-467e-b097-986243487fa1,geometry.ooo,expiring,68,21,8,"Regional Network Information Center, JSC dba RU-CENTER",24/12/2021 13:19,24/12/2025 23:59
929b75e7-f61c-4ca7-b71a-bdc2c82a772d,geometry.organic,available,68,21,8,,,
67c88550-842a-4fd5-ab56-7d033120da71,geometry.osaka,premium,68,21,8,,,
c878d949-9a11-4b3e-ad09-e680c80b61d4,geometry.page,premium,68,21,8,,,
0b88e7d5-b77b-4ebe-b98b-fe0ac31981ff,geometry.partners,available,68,21,8,,,
76806b46-b273-468d-a301-9718c0f16864,geometry.parts,available,68,21,8,,,
21580b02-13d7-4ba0-8717-51d96f66af41,geometry.party,premium,68,21,8,,,
c973ddd8-c073-4f0d-aa4c-4e4d0c8f2ea1,geometry.pet,available,68,21,8,,,
3bd890e0-31ff-4271-89b4-35e5acaf5b63,geometry.phd,premium,68,21,8,,,
93be5a90-0401-4bdf-b0a5-998a39bb90e4,geometry.photo,available,68,21,8,,,
4f12ef6d-45d5-4d2b-8096-4dff4dbd4e44,geometry.photography,available,68,21,8,,,
8c5b4878-5757-40da-ad4d-f91b873c558e,geometry.photos,available,68,21,8,,,
0ed302d7-afd8-4d3f-8253-bf2ef0ef1175,geometry.pics,available,68,21,8,,,
c50258d2-731f-442c-a83c-bb41f9fd8773,geometry.pictures,available,68,21,8,,,
6947c0ae-daac-4011-ad33-76edab3e1d26,geometry.pink,available,68,21,8,,,
de14defd-bbcc-44b5-ae8d-eea3c545e156,geometry.pizza,available,68,21,8,,,
97d3ea4b-d3ac-4928-bce4-e2c9841b35cf,geometry.plumbing,available,68,21,8,,,
e3f3c2f8-4051-4d8b-8ae5-46f20a61bd79,geometry.plus,available,68,21,8,,,
4a5afd43-147c-4a2e-8ffe-50d58a1e9351,geometry.poker,available,68,21,8,,,
af7608cb-58f8-45a9-bfe0-2fe81e52a33c,geometry.porn,available,68,21,8,,,
b099aa34-a2ce-4570-8bf1-8e8bfb623cf6,geometry.press,premium,68,21,8,,,
f3c9c3e7-08c9-4c44-9a21-36533ebbe941,geometry.pro,sold,68,21,8,One.com A/S,10/07/2018 10:06,10/07/2026 10:06
ac9fb097-d343-4b4b-962c-ef94e8306cdf,geometry.productions,available,68,21,8,,,
c7300483-6393-4ae3-a2e5-81a5c1f94bd2,geometry.prof,premium,68,21,8,,,
348605e3-03b2-4996-8949-11e66a465bd1,geometry.promo,available,68,21,8,,,
53089f89-c489-4fbb-8e69-c4b699700c37,geometry.properties,available,68,21,8,,,
231b57b4-7b72-4822-bf1d-f45ff9e8c7d1,geometry.property,premium,68,21,8,,,
582915a8-950d-4f71-9a31-2862db3a0249,geometry.protection,available,68,21,8,,,
97c8c24b-631a-4e1f-9f46-dd09605d5e1a,geometry.pub,available,68,21,8,,,
8635de78-9a06-4f76-8e04-7c8e20e4da3b,geometry.qpon,available,68,21,8,,,
663dea5d-02bd-4b64-9922-625ba43003ee,geometry.racing,premium,68,21,8,,,
915df625-eed4-43bb-beab-92bd3db433d5,geometry.realty,available,68,21,8,,,
ad8da90a-0d59-4eb5-9dd4-54015a8af2e1,geometry.recipes,available,68,21,8,,,
2a40f0bd-dce2-486b-b57e-b70144780a6d,geometry.red,available,68,21,8,,,
51d0bd95-f5c5-4650-9a40-e56bc9f32833,geometry.rehab,available,68,21,8,,,
54b66c7b-e136-4998-acf3-2805862605e6,geometry.reise,available,68,21,8,,,
77f25215-67f9-404d-8bd9-c3a7e4700915,geometry.reisen,available,68,21,8,,,
5452e73a-2dad-493d-94d4-46425c232d26,geometry.rent,available,68,21,8,,,
f793ec7c-567a-4691-80bd-c920fb63ed25,geometry.rentals,available,68,21,8,,,
ad14481e-f7a3-4b4a-b436-10d35fe7456c,geometry.republican,available,68,21,8,,,
435c9696-8261-4790-a06b-b2c2bbc0aec4,geometry.rest,available,68,21,8,,,
15d4fd2e-b3a8-4e44-88ea-61f37546a1b3,geometry.restaurant,available,68,21,8,,,
3f8363c8-daaf-484c-b6eb-1b424af05744,geometry.review,premium,68,21,8,,,
3469afca-c7d7-4090-8f19-9e474738d5ea,geometry.reviews,available,68,21,8,,,
65f15343-d210-45c0-82b2-eaaa85f8c5c9,geometry.rich,available,68,21,8,,,
4f7934da-400a-4bd4-8ea7-6d6a723cecad,geometry.rip,available,68,21,8,,,
f3aeff6f-67d5-42b7-9b99-6e2c68e980cd,geometry.rocks,available,68,21,8,,,
1366c863-ea01-4ee8-a68d-96f39f4ed876,geometry.rodeo,available,68,21,8,,,
c1489057-3d48-48d8-8998-c3bf5006c775,geometry.rsvp,premium,68,21,8,,,
3d8e3e70-0f81-42fe-aa98-26757c4c25b4,geometry.sale,available,68,21,8,,,
65b49565-ab8d-48bf-bf02-5d32e138bd02,geometry.sarl,available,68,21,8,,,
1bdb2af0-8bc4-4d2c-8498-6cd2c828451d,geometry.sbs,premium,68,21,8,,,
81a2d4bb-34a3-43a3-b91c-274d2ebb0e60,geometry.school,available,68,21,8,,,
609bbb1d-9485-4dc0-8887-94eddf056522,geometry.schule,available,68,21,8,,,
ba133bdd-166f-4285-9c09-ef08cc9f8f5c,geometry.science,premium,68,21,8,,,
894f1950-add7-4362-b650-4f3bb814dfc6,geometry.security,available,68,21,8,,,
820583d8-4fdf-457c-8630-68f2701bad6a,geometry.services,available,68,21,8,,,
e04c3eec-4b8e-44c5-8b71-e1f48b649cc9,geometry.sexy,available,68,21,8,,,
3a750166-953e-44b0-a2ca-9b83879db0fb,geometry.shiksha,available,68,21,8,,,
1707d022-b7ec-4c35-8f04-6c897d698d78,geometry.shoes,available,68,21,8,,,
dced34ef-79bb-43d2-a4c0-ec459df694a4,geometry.shopping,available,68,21,8,,,
b237709b-60f4-43d4-a9cd-c7f2108c920f,geometry.show,available,68,21,8,,,
e379a646-53e7-4eba-8f7c-9b90115467ce,geometry.singles,available,68,21,8,,,
cc35ca31-a3fb-4c0f-a1b8-f9d32366eb1c,geometry.site,premium,68,21,8,,,
d1186f07-c549-4ad7-9e7e-e40b6118952a,geometry.ski,available,68,21,8,,,
a82e35d9-30ff-474a-bd68-a22aa453638a,geometry.skin,available,68,21,8,,,
37cbc105-e608-40ad-9689-72430a00fa37,geometry.so,available,68,21,8,,,
8b32aabe-5394-48e9-845b-8ba27a7eec71,geometry.soccer,available,68,21,8,,,
d7420bf5-684c-4b32-82ca-33d39d7e6a22,geometry.software,available,68,21,8,,,
e2772c70-cdaa-43bc-81f1-5dc7686eb8ca,geometry.solar,available,68,21,8,,,
e1d7dc02-17b1-412e-a5d8-779ced4caee3,geometry.soy,available,68,21,8,,,
5f3557cf-327e-4916-86e0-16542eeb9e64,geometry.space,premium,68,21,8,,,
fb1f21c4-7f33-4a0a-9337-cf70b0522bdf,geometry.spot,premium,68,21,8,,,
0a0e4dc9-03db-464e-8acd-712b55b0ee67,geometry.srl,available,68,21,8,,,
7773fe34-6f6c-4388-ba5d-ed3b814a0491,geometry.storage,available,68,21,8,,,
68b99057-8f0a-4d49-ac58-722f6e544752,geometry.store,sold,68,21,8,"Go Daddy, LLC",12/07/2025 07:07,12/07/2026 23:59
bc4f857e-06bc-485a-b5cd-e42ebe6bd5fe,geometry.stream,premium,68,21,8,,,
5fd50ab2-543d-41da-90b9-c3c2ffbd5809,geometry.study,premium,68,21,8,,,
fd117132-3f4a-42d8-b1c4-94a17e020aba,geometry.style,available,68,21,8,,,
622c40d2-8517-4e83-8167-4148c1c423f2,geometry.sucks,available,68,21,8,,,
fc8bfbad-1390-4a6d-8d1b-d0bca3ddfdcc,geometry.supplies,available,68,21,8,,,
44f9ec06-d3ef-4b2c-bc70-6a51be2cb0ed,geometry.supply,available,68,21,8,,,
341e6f95-4c68-46aa-a85f-ddbd0d709cd2,geometry.support,available,68,21,8,,,
23189a38-408e-4c41-aeec-c213c2b2cee9,geometry.surf,available,68,21,8,,,
0fc6197b-f9a3-4911-b7ae-8e2af78c060f,geometry.surgery,available,68,21,8,,,
891172d3-01bf-41d1-a110-6377fe4f740e,geometry.sydney,available,68,21,8,,,
0862209b-af5b-4a4a-8c3c-208ae4e38e8a,geometry.talk,premium,68,21,8,,,
f9b66905-1172-46fe-aec2-25cc01d8ed1d,geometry.tattoo,available,68,21,8,,,
6ad3b411-f238-42c1-8553-6460d2667a1e,geometry.tax,available,68,21,8,,,
b9cbc7d7-0409-45e5-bb4b-6586c186ed4b,geometry.taxi,available,68,21,8,,,
b51e6f51-097b-4e90-97b6-2e4487fd73bd,geometry.team,sold,68,21,8,InterNetX GmbH,11/12/2017 13:54,11/12/2026 13:54
eea9a1ea-0309-421c-b971-9c7b683dba81,geometry.tel,available,68,21,8,,,
93c722a1-99a7-481d-b9bb-034b6cc310cf,geometry.tennis,available,68,21,8,,,
1a44e869-9bf9-4ca4-ab00-edbca5a31d9e,geometry.theater,available,68,21,8,,,
382ec35c-d09c-4c3d-85c1-a7eb146d56d9,geometry.theatre,available,68,21,8,,,
9954c6dd-2206-4491-9690-a0ded5bab3e7,geometry.tickets,available,68,21,8,,,
7e13d89a-2810-4ae8-9390-46187733e6f3,geometry.tienda,available,68,21,8,,,
f92d7f38-66b0-42d7-8a2a-ecba7c8de552,geometry.tips,available,68,21,8,,,
36024b77-7cf5-44bc-b101-7923b6855bef,geometry.tires,available,68,21,8,,,
a28dbc93-bf57-4e2d-965b-53e8c44a73e7,geometry.to,resell,68,21,8,NAMECHEAP,12/04/2023 02:27,01/08/2026 00:00
babfd7bd-7264-4819-86e1-658120941700,geometry.tours,available,68,21,8,,,
37cc5aca-e63a-46f0-9263-5aea10716d8e,geometry.town,available,68,21,8,,,
7baab067-bdf8-49eb-851f-ede06a52558d,geometry.toys,available,68,21,8,,,
e639cae8-ae6f-4760-be21-e4581c6b441f,geometry.trade,premium,68,21,8,,,
8ff1e659-1cc4-41ee-94bf-d11d7ca1f152,geometry.training,available,68,21,8,,,
f085d529-31b5-470e-95ae-0f3ba3572439,geometry.travel,available,68,21,8,,,
b238f846-2c2f-4ebe-813d-526f3044442b,geometry.tube,premium,68,21,8,,,
39c290a5-8247-410a-95ec-5015503d1d54,geometry.uno,premium,68,21,8,,,
36825ca5-11b2-4802-ad6c-37652db41fa4,geometry.vacations,available,68,21,8,,,
4b4ac4ae-ea6d-4acc-99f0-8243c3c12e5a,geometry.vana,available,68,21,8,,,
66962f3c-8fbf-412e-ac14-f28c38ef51cf,geometry.vegas,available,68,21,8,,,
2cf7375f-deb0-4475-8c17-72d71bb48e8b,geometry.vet,available,68,21,8,,,
45513f16-9897-49de-a212-ad2348590572,geometry.viajes,available,68,21,8,,,
8d09938f-f195-4f0d-93fc-91f63d0a05b4,geometry.video,available,68,21,8,,,
2749a575-ad99-4676-8229-bbf24a43a25f,geometry.villas,available,68,21,8,,,
97b6ef91-a0b1-4b8c-8a78-a28e9bae9307,geometry.vin,available,68,21,8,,,
1c7aced7-ee6d-499a-ba08-01daf495f75c,geometry.vip,premium,68,21,8,,,
2b5e010a-3f87-4383-a314-138641942b72,geometry.vision,available,68,21,8,,,
6e549591-f241-4537-aa86-08abef8e03af,geometry.vodka,available,68,21,8,,,
c902900e-f859-4bbb-b7f8-6275a422c611,geometry.vote,available,68,21,8,,,
8ab9f542-26a6-41e4-acf9-9d8e1f7df1e6,geometry.voting,available,68,21,8,,,
04984b36-f927-4eb1-ac8b-cd71ad71dfee,geometry.voto,available,68,21,8,,,
ce780cdb-04c9-4088-86f6-1525d77110fb,geometry.voyage,available,68,21,8,,,
b4406000-215d-496c-a30c-9b52dc8a2b74,geometry.watch,available,68,21,8,,,
b066f510-5cfd-4abd-9ddb-e3d1c3214b24,geometry.webcam,premium,68,21,8,,,
7f6017d3-41f9-4618-bc07-65c2f41de222,geometry.website,premium,68,21,8,,,
31a8ebf4-8a84-4e62-a56c-9254e828dd7d,geometry.wedding,available,68,21,8,,,
f0f9c2fc-5a96-4dd4-aaf7-9be0dfa9d0fc,geometry.wiki,available,68,21,8,,,
8b013583-e1c9-4b72-961f-09ef2fb539aa,geometry.win,premium,68,21,8,,,
94fe500a-0a84-4f6b-ae24-7dd087d34651,geometry.works,available,68,21,8,,,
492ab5f1-ff00-4c7a-b278-38693c140a65,geometry.wtf,available,68,21,8,,,
cc3397d0-1a79-41a7-8da5-12814d68c54e,geometry.yachts,available,68,21,8,,,
7136c717-4596-4c10-ba9d-5737fed20c1c,geometry.yoga,available,68,21,8,,,
a17c370d-7466-429e-9c8b-978b1594540f,geometry.you,premium,68,21,8,,,
eecee602-0a26-4eea-9302-8c8f285c9f28,geometry.zip,premium,68,21,8,,,
4bdda830-1dac-41e1-875b-c7a5b367fd23,geometry.zone,available,68,21,8,,,
381ef3b9-6dbb-46ab-8b46-52034046e218,calculus.app,resell,58,80,8,Namecamp Limited,05/05/2018 16:00,05/05/2026 16:00
66141150-eed8-4326-b152-c903096238ac,calculus.at,available,58,80,8,,,
8df173ec-5a9b-4656-a2c6-c3525c405941,calculus.cloud,resell,58,80,8,NAMECHEAP,29/08/2024 06:24,29/08/2025 06:24
0240ae5b-941d-42aa-b2d4-f022f6c6eebd,calculus.dev,premium,58,80,8,,,
a13f3bac-9b6a-4d01-8c99-70b1e23475c2,calculus.gg,available,58,80,8,,,
f0fc6112-b804-4c2a-af6f-e7b7109bb72b,calculus.it,resell,58,80,8,,17/10/2023 16:00,17/10/2025 00:00
7d21eb28-3778-45a1-92c8-7972a862df68,calculus.me,resell,58,80,8,Dynadot Inc,05/07/2017 05:11,05/07/2026 05:11
23341225-b086-4ba8-a4b5-483a95914b64,calculus.ninja,available,58,80,8,,,
a973e002-92d0-4b24-b791-248b291bb5cf,calculus.site,premium,58,80,8,,,
b4cce990-8892-48fd-a0db-18dbd5fa7e06,calculus.so,available,58,80,8,,,
78e7ef8e-7e1b-46fe-9352-775b66367d03,calculus.space,premium,58,80,8,,,
508c3802-1926-4d26-a1eb-1211f8d1ac17,calculus.store,premium,58,80,8,,,
2cc5b387-14ee-4a91-b222-839a3fa12031,calculus.tech,premium,58,80,8,,,
6525a46a-ba34-40be-8fb3-b556ea374d29,calculus.zone,available,58,80,8,,,
e762ee1c-c6aa-41b7-b57a-b791c6906135,analysis.accountants,available,80,18,8,,,
2ac535cb-530f-4b16-8b54-0857f3e2028d,analysis.actor,available,80,18,8,,,
e8b1f1bc-b652-40c1-8b01-f4227d7e4a8f,analysis.adult,available,80,18,8,,,
d17fb4ef-7e98-45a1-89ed-2fb32717d388,analysis.agency,expiring,80,18,8,"Sav.com, LLC - 4",13/01/2025 15:15,13/01/2026 15:15
1c1c6865-381a-4991-b271-ab0cd45b337f,analysis.ai,expiring,80,18,8,Marcaria International LLC,16/12/2017 01:22,07/01/2026 01:22
6a478428-617a-480b-a827-ddb85f878079,analysis.airforce,available,80,18,8,,,
66458bf7-632c-4f2c-9ade-bf2a747a1229,analysis.apartments,available,80,18,8,,,
95d28ea3-9c1b-4570-a20f-ce00596f4d5a,analysis.app,resell,80,18,8,Porkbun LLC,05/05/2018 16:00,05/05/2026 16:00
97423082-406c-4510-b05a-9e91189223cd,analysis.archi,available,80,18,8,,,
a2f85d38-939c-48e6-914e-9027ca0a0bf0,analysis.army,available,80,18,8,,,
946e55b4-191e-457c-88a1-94a92ab6332d,analysis.art,premium,80,18,8,,,
74b5bf2e-80e5-4635-92e1-b5281367c2f7,analysis.at,premium,80,18,8,,,
ffd52d0d-d405-491f-b44b-6b8a29c36bfd,analysis.attorney,available,80,18,8,,,
1289f7ea-3de9-4bfa-84a0-c3a52b379fd2,analysis.auction,available,80,18,8,,,
f55d8a37-dbfe-44f3-802d-225cd503fad8,analysis.audio,premium,80,18,8,,,
3b96fae2-0e80-46f3-8f24-2efb286f1c31,analysis.auto,available,80,18,8,,,
c789434e-fe3d-4318-baac-11e41b66f865,analysis.autos,available,80,18,8,,,
63d0000e-8f42-4e5d-acae-a6cc1a608351,analysis.baby,available,80,18,8,,,
6a6c8ad4-b798-4733-a318-dc5cf5e5db9e,analysis.band,available,80,18,8,,,
64f33761-6908-4814-a3bf-1fccd7381c0e,analysis.bar,premium,80,18,8,,,
644437ed-6fb0-4c29-abd0-9139c5e2cdf3,analysis.bargains,available,80,18,8,,,
faa7278b-42d6-46b5-80d9-e1723fbee311,analysis.bayern,available,80,18,8,,,
fe149cc0-f37e-47d7-aa80-ff4bd2fcf984,analysis.beauty,available,80,18,8,,,
ffcb0bc9-1627-4df8-936f-c2e1a2a59a32,analysis.beer,available,80,18,8,,,
11817656-a1f5-4ab5-9f5f-d1247375c073,analysis.berlin,available,80,18,8,,,
e2bddb74-08cd-4ed8-9fef-b52cf6faa3b6,analysis.best,resell,80,18,8,"Sav.com, LLC",09/09/2025 08:26,09/09/2026 23:59
e289c84a-41c9-46ff-a7df-3c8ba3582681,analysis.bike,available,80,18,8,,,
a9a38cb5-d4ff-4e2f-b099-9d7655899587,analysis.bingo,available,80,18,8,,,
b445d965-ed7b-46c1-9ab9-457f71efd688,analysis.biz,resell,80,18,8,"GoDaddy.com, LLC",30/10/2014 17:01,29/10/2026 23:59
b481fd8a-05ed-4143-9852-94a49b9e622a,analysis.black,available,80,18,8,,,
161549c2-2637-4270-8a32-d4a2d53a5165,analysis.blackfriday,available,80,18,8,,,
6fd9e530-00df-4ad6-b112-554f8306cd4a,analysis.blog,premium,80,18,8,,,
084f1106-b828-4deb-bad9-4782cbb913ee,analysis.blue,available,80,18,8,,,
9fa7d277-5c2a-4530-9ad9-8a7f8ccfa475,analysis.boats,available,80,18,8,,,
c4e7f2a9-12f4-4671-bc01-abdeaa17e915,analysis.boo,premium,80,18,8,,,
122e482f-47fa-4b5c-970e-7c9bb6dd6965,analysis.boston,available,80,18,8,,,
69c81321-6333-4b0a-bd1b-6c056f86bbd1,analysis.bot,premium,80,18,8,,,
b39ac42b-3acd-4041-9642-4c7cbdbd53a1,analysis.boutique,available,80,18,8,,,
f40e7e4e-6bdf-492b-986e-e0c037b12c97,analysis.build,premium,80,18,8,,,
3f326c26-4308-47eb-85e6-6f4c6820c970,analysis.builders,available,80,18,8,,,
9caded81-4eef-4d50-ad33-c9310c345c7c,analysis.business,resell,80,18,8,"GoDaddy.com, LLC",27/06/2025 18:33,27/06/2026 18:33
407efa4f-928d-4eb1-9925-a59c2ffe5230,analysis.buzz,premium,80,18,8,,,
1e083aa2-3535-4a0c-945f-5055c2235db1,analysis.bz,available,80,18,8,,,
6d127559-c911-4794-a9d7-ea61a0847a70,analysis.cab,available,80,18,8,,,
fb381884-3117-436b-a3b7-6da4bfff876e,analysis.cafe,available,80,18,8,,,
f93ab17d-b1ab-40cc-82d9-50726e7f3c13,analysis.cam,expired,80,18,8,"Spaceship, Inc.",27/10/2023 18:09,27/10/2025 23:59
c71749e7-6634-44a8-8643-a8e5576704fb,analysis.camera,available,80,18,8,,,
a7da81d9-9895-4f13-9dad-8d5dbbdb8088,analysis.camp,available,80,18,8,,,
82825402-4b48-441b-b3c7-9018e2e2a336,analysis.capital,available,80,18,8,,,
73510bac-fdec-4354-bf7f-c95109701f6f,analysis.car,available,80,18,8,,,
e475fa75-506e-4af7-87d4-258ee4762b9b,analysis.cards,available,80,18,8,,,
0c2c5913-de1c-48a3-8fcb-a0d1fc98113e,analysis.careers,available,80,18,8,,,
0b97392e-6a78-4841-82cb-c14582e6391f,analysis.cars,available,80,18,8,,,
77bf56f9-aa3d-4359-8bf6-3daca87e4df1,analysis.casa,available,80,18,8,,,
29b6205c-626b-4892-9e14-10046bad9963,analysis.catering,available,80,18,8,,,
64f13ffc-7654-489c-99a8-b72df661973e,analysis.cc,resell,80,18,8,"GoDaddy.com, LLC",18/09/2019 08:03,18/09/2026 08:03
8b6eef17-3c9f-4c2b-a6dc-3d74b22e2844,analysis.center,available,80,18,8,,,
b24d86ac-fc92-4500-9bd1-279384062045,analysis.ceo,premium,80,18,8,,,
99fa2c7c-0e7d-4f7a-a9e5-5540415af3d2,analysis.cfd,premium,80,18,8,,,
75d561c0-4d77-4b00-a603-acdccf9b447a,analysis.charity,available,80,18,8,,,
b74e419c-8f34-4adb-a52b-84f00d80ddaa,analysis.chat,resell,80,18,8,"GoDaddy.com, LLC",27/06/2025 18:36,27/06/2026 18:36
eeab5fe1-c005-49c1-bf30-13dc003f6453,analysis.cheap,available,80,18,8,,,
ff9ee9a8-74f4-4828-9db3-346e304b8bad,analysis.christmas,available,80,18,8,,,
b5436816-b114-4655-9ace-9642b5930e5d,analysis.church,available,80,18,8,,,
a1518655-df74-453f-8188-31a54cba97e8,analysis.claims,available,80,18,8,,,
b3b0c1dd-6366-4e1d-a39d-217e8f78bfae,analysis.cleaning,available,80,18,8,,,
20bbf014-c423-4496-91d2-5d41699eb16d,analysis.clinic,premium,80,18,8,,,
e45f8f55-b23d-49dc-b436-efea822e3281,analysis.clothing,available,80,18,8,,,
0cb313b8-4047-4691-b341-5767e86ef007,analysis.cloud,resell,80,18,8,"Spaceship, Inc.",22/12/2023 01:17,22/12/2026 01:17
35c85c1d-6186-46df-87e8-f0a03de85849,analysis.club,premium,80,18,8,,,
6e5f3c55-0711-4e73-b2f0-0415f9fd74bb,analysis.co,sold,80,18,8,Dynadot Inc,20/07/2010 18:00,19/07/2026 23:59
fee912c2-b1d7-4e44-9b5a-61a2baf7036d,analysis.coach,available,80,18,8,,,
0a24b64d-7039-4b8e-a0c0-27b842ac85bd,analysis.codes,available,80,18,8,,,
0c52948d-1d89-4bd7-9358-5b9ff9bea289,analysis.coffee,available,80,18,8,,,
7e4d6346-869c-434f-8936-1d5b7a04654b,analysis.college,available,80,18,8,,,
56df6a7c-e219-4369-b4ac-f4db533cec1a,analysis.company,sold,80,18,8,"GoDaddy.com, LLC",09/12/2024 19:38,09/12/2026 19:38
d40b8a32-0df2-4e03-9301-b746afbf9e3c,analysis.computer,available,80,18,8,,,
951a216e-705d-4750-ba1f-89f9b2abb26b,analysis.condos,available,80,18,8,,,
68ede4d5-e40e-4152-a070-6ed155e898ca,analysis.construction,available,80,18,8,,,
0cd6e3db-c57b-4daf-b451-96a918524491,analysis.consulting,premium,80,18,8,,,
ecd6b4c1-af78-4ee5-93fe-3f0adb3dc067,analysis.contact,available,80,18,8,,,
2b08d555-cc34-41e3-aae4-cc8270c07327,analysis.contractors,available,80,18,8,,,
7062788c-9431-4c42-bc2d-0caa3ff0433f,analysis.cooking,available,80,18,8,,,
e40d8607-f8f3-429a-9dac-e42c9ad01798,analysis.country,available,80,18,8,,,
c60db764-d4e2-4299-9cae-15b1ad26da35,analysis.coupons,available,80,18,8,,,
3ed4d7dc-66f1-48e7-aa10-e39c03d81798,analysis.courses,premium,80,18,8,,,
9cc25453-a8ca-478a-8a2f-b06331dbc3a5,analysis.credit,available,80,18,8,,,
fa6865d5-9a26-4e50-9905-c99a6e8b773c,analysis.creditcard,available,80,18,8,,,
750f4205-a674-4ea5-871a-d0e65a93c216,analysis.cricket,expired,80,18,8,Exclusive Registry Limited,01/12/2014 07:22,30/11/2025 23:59
a5328a1f-b847-400f-9137-6965fe243e97,analysis.cruises,available,80,18,8,,,
0535d6c0-8339-4572-8809-28f881da0d70,analysis.cv,premium,80,18,8,,,
ff44ba50-8f6e-42fe-beb3-d738000a1bd8,analysis.cx,available,80,18,8,,,
0a954ed6-095d-481f-89a3-3459c06c82fa,analysis.cyou,premium,80,18,8,,,
b5483e0e-ca5a-409f-b27a-6aff6a7826be,analysis.dad,premium,80,18,8,,,
7fa5ff80-9d5a-42e7-9b8c-484a0ceb1757,analysis.dance,available,80,18,8,,,
a26294ba-71a9-475a-9276-b65232ec1bb8,analysis.dating,available,80,18,8,,,
fc2aeab6-be15-43a6-a292-f1f6fbf40fa2,analysis.day,premium,80,18,8,,,
a37ef40b-cd1d-4382-ab08-61702fbc69c7,analysis.deal,premium,80,18,8,,,
856f9972-8098-434f-84e0-3564bb4dbca4,analysis.dealer,premium,80,18,8,,,
cf00f4ef-ab3e-4728-b370-a5fedca19b6f,analysis.deals,available,80,18,8,,,
f0827f88-e79c-4469-819c-47a962f280a8,analysis.degree,premium,80,18,8,,,
dc44c9d6-9eb0-4ed4-b402-b6624183acd9,analysis.delivery,available,80,18,8,,,
3124d2b4-cff0-4d18-9e14-318a6fbf2d68,analysis.democrat,available,80,18,8,,,
7886021c-a809-407b-afa1-ab5a9019012b,analysis.dental,available,80,18,8,,,
7ef197d4-4d07-4e2d-a171-7a553e48cc4c,analysis.dentist,available,80,18,8,,,
6487d7db-3ba0-4cd1-bbc4-faf22c2d9074,analysis.dev,premium,80,18,8,,,
6219e752-cd7f-4c12-bf7b-7aaed3b4acee,analysis.diamonds,available,80,18,8,,,
7d14ca52-60b6-49f1-8c1f-975279783714,analysis.diet,available,80,18,8,,,
87686a05-4065-4982-a72f-d79b0a462c5f,analysis.digital,resell,80,18,8,"Sav.com, LLC - 1",13/02/2025 15:15,13/02/2026 15:15
642fe94e-aa61-419b-8fa9-e3f4a84668a6,analysis.direct,available,80,18,8,,,
bc0cf859-eb17-4380-98f3-537620b3ffdb,analysis.directory,available,80,18,8,,,
ce819edb-119e-4821-8de7-1d5daacbf4b3,analysis.discount,available,80,18,8,,,
05aa72ce-2938-4df4-8ffd-474660f01e2e,analysis.diy,sold,80,18,8,GoDaddy,16/09/2025 01:59,16/09/2026 01:59
a10793dd-72fe-4520-8c74-1c7f65f7cdc8,analysis.doctor,available,80,18,8,,,
b3fd389f-18a5-45d0-aa35-da37d6a9d580,analysis.dog,available,80,18,8,,,
3dcb4d6e-c1e4-4965-969d-3cd158a22410,analysis.domains,expired,80,18,8,Porkbun LLC,24/10/2023 11:37,24/10/2025 11:37
719f8caf-2538-42b1-bb46-b0e895e56f91,analysis.energy,available,80,18,8,,,
1e86612a-0e9f-4c6a-a5ac-54e5238f1bdd,analysis.engineer,premium,80,18,8,,,
04ec34b5-2244-4929-b0a8-2109fd9f69a5,analysis.engineering,premium,80,18,8,,,
9a855020-129f-42ab-8ec0-da6afcf12b78,analysis.enterprises,available,80,18,8,,,
cf0a7a4e-3c85-4baf-a18b-b4b5d61c1e2d,analysis.equipment,available,80,18,8,,,
f5659df0-71d4-4089-af01-4889ed5d41fc,analysis.esq,premium,80,18,8,,,
aab6de73-7f50-446f-b5eb-22977e153a9d,analysis.estate,available,80,18,8,,,
913ff629-79b8-4dfc-ab0e-9b5200ddbc2c,analysis.eu,resell,80,18,8,Name: TLD Registrar Solutions Ltd,,
247bf9f9-bc24-427b-aa4e-ce094228d4a8,analysis.events,available,80,18,8,,,
c69763d2-16ab-4f75-ae97-89b64a987326,analysis.expert,premium,80,18,8,,,
4c5b5455-c23d-4f4f-ba7c-2cb67841ad00,analysis.exposed,available,80,18,8,,,
16e2ae42-3c0e-42bb-a1a8-2c228e322263,analysis.express,available,80,18,8,,,
d7333c7b-7a30-4c88-9e37-65dd8644a215,analysis.fail,available,80,18,8,,,
b3a20de1-88aa-4c69-8670-af387353282e,analysis.family,available,80,18,8,,,
7a5e580d-18d7-4646-99a2-85e80f0dc780,analysis.fan,available,80,18,8,,,
ded22887-6d02-4f4d-b68f-31266f80c0f9,analysis.fans,premium,80,18,8,,,
7a434a3e-39c8-4691-8e11-8e0ab6b443f0,analysis.farm,available,80,18,8,,,
e7018c99-00c7-4300-93c2-090cedc9d8d5,analysis.fashion,available,80,18,8,,,
175aa5db-4e07-40f2-99ed-7ae66e905d1e,analysis.fast,premium,80,18,8,,,
78923a9b-fa44-424a-b23d-ff81d0040e7e,analysis.feedback,available,80,18,8,,,
0d7d8699-f734-46c9-a674-2442d484e91d,analysis.film,premium,80,18,8,,,
955b3921-e6c2-44d4-9ee1-cb7c87ff92c6,analysis.fishing,available,80,18,8,,,
005f5fee-c655-4eed-9da1-225783dbb594,analysis.fit,available,80,18,8,,,
2b2d9ac2-c2b8-46ba-9611-73906f19ad94,analysis.fitness,available,80,18,8,,,
81b58855-c131-4506-bb57-091aafd8a4c6,analysis.flights,available,80,18,8,,,
f79b2b1b-5d84-4749-a2ad-c6be55097293,analysis.florist,available,80,18,8,,,
008aebf7-6401-41bf-adbd-9e6e7cb51b7c,analysis.flowers,available,80,18,8,,,
3a023ca1-2103-434a-befd-ae28a31d3026,analysis.fm,available,80,18,8,,,
192398bc-affb-4f66-9458-9208bc27854b,analysis.foo,premium,80,18,8,,,
fd9a3daa-7155-4570-a3d7-52757345982a,analysis.food,available,80,18,8,,,
e1a731b3-1e9e-46d4-865f-8342e1d059d2,analysis.football,available,80,18,8,,,
1e4bfeb0-20d2-4839-b773-c9df816bb072,analysis.forsale,available,80,18,8,,,
1dd292c1-be2a-4dd5-916a-9ebd9c07d274,analysis.forum,available,80,18,8,,,
1c0c4b30-b415-4764-8f6a-c7d824648d6b,analysis.foundation,available,80,18,8,,,
412f648b-fba4-4bcb-b3e4-8cb314ccffde,analysis.free,premium,80,18,8,,,
b970b2b6-3317-4e59-acbe-70a35aac7f03,analysis.fun,premium,80,18,8,,,
bebd2e10-82b1-417c-b84f-4bf1ad73742e,analysis.fund,premium,80,18,8,,,
b3114796-757c-4847-b4b2-24cdffd6da12,analysis.furniture,available,80,18,8,,,
a03f15a8-f1b6-49a8-afeb-cf69a49fecd1,analysis.futbol,available,80,18,8,,,
0722604f-d2b8-4683-821a-8ca6b61957f3,analysis.fyi,sold,80,18,8,"GoDaddy.com, LLC",07/09/2025 19:56,07/09/2026 19:56
e277aa24-c84b-4276-8d3d-9b63b0bb3b85,analysis.gallery,available,80,18,8,,,
0f138648-890e-440c-bb40-990bc670152c,analysis.game,available,80,18,8,,,
58f99bf7-065c-4b23-a5a2-535ea5bc428a,analysis.games,available,80,18,8,,,
12787e41-30b8-44d4-8f8f-3ec852a191fb,analysis.gay,available,80,18,8,,,
8fec3b33-2ab5-434f-8eec-ac42aba86e83,analysis.gift,available,80,18,8,,,
365f2ffb-75a2-4a1c-87dd-fb62fd39cb95,analysis.gifts,available,80,18,8,,,
6763d6c7-8944-4f7f-9f57-fafe8fea3fdc,analysis.gives,available,80,18,8,,,
8f20c86a-5858-49dc-a9a9-d4cdc216bd20,analysis.giving,available,80,18,8,,,
509f3ac3-240c-40e2-b85e-8d4652374ea0,analysis.glass,available,80,18,8,,,
ccf28dfb-7d4c-476a-87e2-a8e14e71d787,analysis.gmbh,available,80,18,8,,,
291251b0-91ba-49f6-8f5e-3abce20fb6a9,analysis.gold,available,80,18,8,,,
7f903af3-9f32-455c-8a66-2de8dd851ada,analysis.golf,available,80,18,8,,,
1499184a-1c80-4d9b-9bd1-6a0a3544b804,analysis.gratis,available,80,18,8,,,
4fc0a2f4-01a1-4487-8e8e-b7b5251e0112,analysis.gripe,available,80,18,8,,,
a095764c-9d1c-4cbe-8dd3-ddbbd301b518,analysis.group,resell,80,18,8,Alibaba Cloud Computing Ltd. d/b/a HiChina (www.net.cn),07/11/2018 23:23,07/11/2026 23:23
329017d1-6ac9-4b77-8fc4-df1e5a53b2d3,analysis.guide,available,80,18,8,,,
61b72402-b287-4359-9c44-c9e5abe7c035,analysis.guitars,available,80,18,8,,,
4bf9f369-ade0-41e2-9834-c108f11b59c6,analysis.hair,sold,80,18,8,"Porkbun, LLC",24/11/2025 09:05,24/11/2026 23:59
4558939f-fc62-45e3-8f8d-32519f36a9de,analysis.haus,available,80,18,8,,,
ee4603c8-8683-40b1-b333-1529b481d653,analysis.healthcare,available,80,18,8,,,
c2216104-8292-4e67-9039-c455bf204592,analysis.help,premium,80,18,8,,,
7e82c2cc-c818-446a-800d-8d06c5bb6ced,analysis.hiphop,available,80,18,8,,,
a3dc3223-3aaa-459a-bf18-f3051aa7a47e,analysis.hiv,available,80,18,8,,,
457de0cf-fc19-4171-8400-de314d777ed7,analysis.hockey,available,80,18,8,,,
3eceab35-d41b-4c72-8120-a83d5b997489,analysis.holdings,available,80,18,8,,,
49668846-5ee8-4019-b895-cad148521544,analysis.holiday,available,80,18,8,,,
303b85da-e254-412b-8d8a-4c9104f28661,analysis.homes,available,80,18,8,,,
0f36eedc-dcee-48fc-a20d-1f5387ae52a1,analysis.horse,available,80,18,8,,,
d9c9c5a1-5b43-4dd7-927a-ac8451f72d10,analysis.hospital,available,80,18,8,,,
19f5b5c4-2f61-4ecc-994f-3e5eba92e623,analysis.host,premium,80,18,8,,,
425c4a6c-b959-40d2-9458-365f7ee39138,analysis.hosting,available,80,18,8,,,
eb150a08-005a-42a6-8198-236619fcda7d,analysis.hot,premium,80,18,8,,,
e408cf83-f31d-4130-83a8-740c5f1be639,analysis.house,available,80,18,8,,,
e531b1ff-10ca-4768-91fb-cf3df4debf72,analysis.how,premium,80,18,8,,,
a14f85a1-8771-41aa-8b26-11e08de2ec11,analysis.im,premium,80,18,8,,,
0e5fcb22-a2c7-4719-97e4-5ce6dd334882,analysis.immo,available,80,18,8,,,
8c84ca3e-44b4-439f-baa8-6b0f5c8f544e,analysis.immobilien,available,80,18,8,,,
a1bdb927-3f1f-4f58-b1fd-fc38d9db9edc,analysis.inc,premium,80,18,8,,,
3634bb95-8018-49d2-b71d-4672052d5658,analysis.industries,premium,80,18,8,,,
0db0a46a-eba8-47ee-8133-ef7e05943641,analysis.info,resell,80,18,8,"GoDaddy.com, LLC",14/09/2001 14:19,14/09/2026 14:19
a5c33060-ff10-4ef8-b74b-731e3564aaf9,analysis.ing,premium,80,18,8,,,
744ac0b2-2e25-47cf-b2cc-a5ff82d7c7a0,analysis.ink,expiring,80,18,8,"Spaceship, Inc.",16/01/2025 01:20,16/01/2026 01:20
c7cc33c4-2323-47d6-b393-d8ef5c362e9c,analysis.insure,available,80,18,8,,,
effdf334-ad1f-4ba5-a06f-d4c8df4565cc,analysis.international,available,80,18,8,,,
c485d05d-7a23-4b4f-8abb-681bfa5410ca,analysis.investments,premium,80,18,8,,,